"artifact","workflow_owner","default_contract","source_path","deposit_path","sha256","full_make_target","provenance_note"
"timeline-tikz.tex","manual_or_static","frozen","./replication/paper-artifacts/timeline-tikz.tex","replication/paper-artifacts/timeline-tikz.tex","e52bb6d0a466fea0cad176dd939b02551c252f094dd19254eeb9e95c5ea36f4c","paper-assets","Reconstructed from the manuscript design description; review visually."
"rf-tables/main-specs/rf_discrete_fob_spec_tbl.tex","reduced_form","generated","presentations/rf-tables/main-specs/rf_discrete_fob_spec_tbl.tex","","","reduced-form","Regenerated in the isolated Make/targets build."
"rf-tables/main-specs/rf_discrete_dist_covs_tbl.tex","reduced_form","generated","presentations/rf-tables/main-specs/rf_discrete_dist_covs_tbl.tex","","","reduced-form","Regenerated in the isolated Make/targets build."
"tables/stacked-sample-balance-table.tex","balance","generated","presentations/tables/stacked-sample-balance-table.tex","","","balance","Regenerated in the isolated Make/targets build."
"tables/stacked-sample-dist-balance-table.tex","balance","generated","presentations/tables/stacked-sample-dist-balance-table.tex","","","balance","Regenerated in the isolated Make/targets build."
"tables/implementation-balance-table.tex","balance","generated","presentations/tables/implementation-balance-table.tex","","","balance","Regenerated in the isolated Make/targets build."
"rf-tables/main-specs/rf_attrition_cto_tbl.tex","reduced_form","generated","presentations/rf-tables/main-specs/rf_attrition_cto_tbl.tex","","","reduced-form","Regenerated in the isolated Make/targets build."
"rf-tables/main-specs/know_table_attrition_spec_tbl.tex","reduced_form","generated","presentations/rf-tables/main-specs/know_table_attrition_spec_tbl.tex","","","reduced-form","Regenerated in the isolated Make/targets build."
"tables/know-attrition-backup-dworm-table.tex","balance","frozen","presentations/tables/know-attrition-backup-dworm-table.tex","replication/paper-artifacts/tables/know-attrition-backup-dworm-table.tex","86d45f8cb3e738ec022d9a45c8d06bd5a84be02a91c9b61eca06bca5c8d486b2","auxiliary-paper","Frozen current paper-approved artifact."
"rf-tables/praise-stigma-by-externality-knowledge.tex","reduced_form","frozen","presentations/rf-tables/main-specs/new-praise-stigma-by-externality-knowledge.tex","replication/paper-artifacts/rf-tables/praise-stigma-by-externality-knowledge.tex","6151cf72b81a83cfdf63e42e94479808387a17158d5801b530d9ca3d3c15b9a2","auxiliary-paper","Frozen current paper-approved artifact."
"rf-tables/main-specs/travel-time-tbl.tex","reduced_form","generated","presentations/rf-tables/main-specs/travel-time-tbl.tex","","","reduced-form","Regenerated in the isolated Make/targets build."
"rf-tables/main-specs/incentive-check-tbl.tex","reduced_form","generated","presentations/rf-tables/main-specs/incentive-check-tbl.tex","","","reduced-form","Regenerated in the isolated Make/targets build."
"tables/baseline-demo-deworming-knowledge-balance-table.tex","balance","generated","presentations/tables/baseline-demo-deworming-knowledge-balance-table.tex","","","balance","Regenerated in the isolated Make/targets build."
"_sample-consort.tex","manual_or_static","frozen","./presentations/sample-flow-diagram/_sample-consort.tex","replication/paper-artifacts/_sample-consort.tex","c8a54088066e4d15a0718d6370aa9bbf4305bc125f4087cf3533ae285d336658","paper-assets","Frozen current paper-approved artifact."
"rf-tables/main-specs/incentive-drawback-tbl.tex","reduced_form","generated","presentations/rf-tables/main-specs/incentive-drawback-tbl.tex","","","reduced-form","Regenerated in the isolated Make/targets build."
"rf-tables/main-specs/rf_cts_fob_spec_tbl.tex","reduced_form","generated","presentations/rf-tables/main-specs/rf_cts_fob_spec_tbl.tex","","","reduced-form","Regenerated in the isolated Make/targets build."
"rf-tables/main-specs/rf_discrete_belief_decomposition_tbl.tex","reduced_form","generated","presentations/rf-tables/main-specs/rf_discrete_belief_decomposition_tbl.tex","","","reduced-form","Regenerated in the isolated Make/targets build."
"rf-tables/main-specs/fob_lee_bounds_tbl.tex","reduced_form","generated","presentations/rf-tables/main-specs/fob_lee_bounds_tbl.tex","","","reduced-form","Regenerated in the isolated Make/targets build."
"rf-tables/main-specs/rf_discrete_sob_spec_tbl.tex","reduced_form","generated","presentations/rf-tables/main-specs/rf_discrete_sob_spec_tbl.tex","","","reduced-form","Regenerated in the isolated Make/targets build."
"rf-tables/main-specs/predicted_endline_deworm_takeup_spec_tbl.tex","reduced_form","generated","presentations/rf-tables/main-specs/predicted_endline_deworm_takeup_spec_tbl.tex","","","reduced-form","Regenerated in the isolated Make/targets build."
"rf-tables/main-specs/rf_dist_cts_spec_tbl.tex","reduced_form","generated","presentations/rf-tables/main-specs/rf_dist_cts_spec_tbl.tex","","","reduced-form","Regenerated in the isolated Make/targets build."
"rf-tables/het-tes.tex","reduced_form","generated","presentations/rf-tables/het-tes.tex","","","reduced-form","Regenerated in the isolated Make/targets build."
"rf-tables/main-specs/incentive-control-sms-te.tex","reduced_form","generated","presentations/rf-tables/main-specs/incentive-control-sms-te.tex","","","reduced-form","Regenerated in the isolated Make/targets build."
"rf-tables/main-specs/rf_externality_knowledge_tbl.tex","reduced_form","generated","presentations/rf-tables/main-specs/rf_externality_knowledge_tbl.tex","","","reduced-form","Regenerated in the isolated Make/targets build."
"rf-tables/main-specs/beliefs_relationships_tbl.tex","reduced_form","generated","presentations/rf-tables/main-specs/beliefs_relationships_tbl.tex","","","reduced-form","Regenerated in the isolated Make/targets build."
"tables/wtp-summ-table.tex","structural_postprocess","frozen","presentations/tables/wtp-summ-table.tex","replication/paper-artifacts/tables/wtp-summ-table.tex","caa7c26aa838dd42ce8ef3f32faa35fc99de4b47b91655b1d9bc492273e5d98a","structural-postprocess","Frozen current paper-approved artifact."
"rf-tables/main-specs/preference_for_bracelet_full_sample_FLIPPED_spec_tbl.tex","reduced_form","generated","presentations/rf-tables/main-specs/preference_for_bracelet_full_sample_FLIPPED_spec_tbl.tex","","","reduced-form","Regenerated in the isolated Make/targets build."
"tables/all-structural-parameters-table-fit-1-STRUCTURAL_LINEAR_U_SHOCKS_PHAT_MU_REP_FOB.tex","structural_postprocess","frozen","all-structural-parameters-table-fit-1-STRUCTURAL_LINEAR_U_SHOCKS_PHAT_MU_REP_FOB.tex","replication/paper-artifacts/tables/all-structural-parameters-table-fit-1-STRUCTURAL_LINEAR_U_SHOCKS_PHAT_MU_REP_FOB.tex","28aa6d61477820db716c4cca4affeaf29bb3ac6bbe68a17a5ea417eceb1fca87","structural-postprocess","Frozen current paper-approved artifact."
"tables/fob-beliefs-table.tex","structural_postprocess","frozen","presentations/tables/fob-beliefs-table.tex","replication/paper-artifacts/tables/fob-beliefs-table.tex","a686a47c6cee4f72fddc46a161dd8ecda92a5c8bb571a337033d83da58b4354a","structural-postprocess","Frozen current paper-approved artifact."
"tables/struct-overall-te-table.tex","structural_postprocess","frozen","presentations/tables/struct-overall-te-table.tex","replication/paper-artifacts/tables/struct-overall-te-table.tex","4ddbce00b86f77afb57ddb462d1453ceb44875a56a60d99447daa390a9d03f82","structural-postprocess","Frozen current paper-approved artifact."
"tables/private-signal-te-table.tex","structural_postprocess","frozen","presentations/tables/private-signal-te-table.tex","replication/paper-artifacts/tables/private-signal-te-table.tex","4102437f305d6d38c188cfef797ab2a8e9dc234a9b970f95947afbdbcf796941","structural-postprocess","Frozen current paper-approved artifact."
"tables/fob-disagg-beliefs-table.tex","structural_postprocess","frozen","presentations/tables/fob-disagg-beliefs-table.tex","replication/paper-artifacts/tables/fob-disagg-beliefs-table.tex","d23d61d76c2c5cbc37e491e4dacdd04b7ac8fff574086c9557b1c788ddddc2a6","structural-postprocess","Frozen current paper-approved artifact."
"tables/density_table.tex","structural_postprocess","frozen","density_table.tex","replication/paper-artifacts/tables/density_table.tex","5517b87facc6079d35142fa27bcef553ac482d012f5ddb4b348a588623124158","structural-postprocess","Frozen current paper-approved artifact."
"tables/manual-optim-summ-table.tex","optimal_policy","frozen","presentations/tables/manual-optim-summ-table.tex","replication/paper-artifacts/tables/manual-optim-summ-table.tex","a21937c1524d2280eeb3f0e9d1f2ab34fb976ae3fd63ca25c25089444c0a9df1","optimal-policy policy-tables","Frozen current paper-approved artifact."
"anchor-diagram.tex","manual_or_static","frozen","./replication/paper-artifacts/anchor-diagram.tex","replication/paper-artifacts/anchor-diagram.tex","8814531d7af60b3afefcba452281de5e2c75b93edaca1c9fd4e1ed5f2677ab85","paper-assets","Reconstructed from the manuscript design description; review visually."
"tables/indiv-dist-community-fp-indiv-vis-robust-struct-overall-te-table.tex","structural_postprocess","frozen","presentations/tables/indiv-dist-community-fp-indiv-vis-robust-struct-overall-te-table.tex","replication/paper-artifacts/tables/indiv-dist-community-fp-indiv-vis-robust-struct-overall-te-table.tex","d223679e6d5f7609894ea769b5c54097fe1b5eaf9748925300e27cfcf533fbc6","structural-postprocess","Frozen current paper-approved artifact."
"tables/indiv-dist-indiv-fp-robust-struct-overall-te-table.tex","structural_postprocess","frozen","presentations/tables/indiv-dist-indiv-fp-robust-struct-overall-te-table.tex","replication/paper-artifacts/tables/indiv-dist-indiv-fp-robust-struct-overall-te-table.tex","d9938ea0faa84f6d9c3e158cd877d637f4ec05ad0808e502c59143df948ed61a","structural-postprocess","Frozen current paper-approved artifact."
"tables/struct-robustness-nooutliers-overall-te-table.tex","structural_postprocess","frozen","presentations/tables/struct-robustness-nooutliers-overall-te-table.tex","replication/paper-artifacts/tables/struct-robustness-nooutliers-overall-te-table.tex","162a9d3c8a689e903d9413b1e5ce92e7b1caa5bcd7542b395f0f8fcab90270e1","structural-postprocess","Frozen current paper-approved artifact."
"tables/optim-summ-robust-table.tex","optimal_policy","frozen","presentations/tables/optim-summ-robust-table.tex","replication/paper-artifacts/tables/optim-summ-robust-table.tex","0b7e11c634640cd2e7e5693e71fe8ecaecc06a2c192e2e7893168c16a30163c6","optimal-policy policy-tables","Frozen current paper-approved artifact."
"appendix-files/analytical-delta.tex","manual_or_static","frozen","analytical-delta.tex","replication/paper-artifacts/appendix-files/analytical-delta.tex","4df02bc1f6d8ce34ea00db81cd3d5e13a9b0068acf2cbe0a0f017a7710a469ca","paper-assets","Frozen current paper-approved artifact."
"figures/delta-with-u-example-1.pdf","structural_postprocess","frozen","./presentations/takeup-STRUCTURAL_LINEAR_U_SHOCKS_PHAT_MU_REP_FOB95-fig/delta-with-u-example-1.pdf","replication/paper-artifacts/figures/delta-with-u-example-1.pdf","cf312c226ec299624acdcd280c019e2a118aea50324479c7e3537d6d6bb75347","structural-postprocess","Frozen current paper-approved artifact."
"figures/delta-with-u-mu-change-example-1.pdf","structural_postprocess","frozen","./presentations/takeup-STRUCTURAL_LINEAR_U_SHOCKS_PHAT_MU_REP_FOB95-fig/delta-with-u-mu-change-example-1.pdf","replication/paper-artifacts/figures/delta-with-u-mu-change-example-1.pdf","3fc5091992627e04549e6dd869bbdeeb3f1a0f71cae98abc631be47780a64a5c","structural-postprocess","Frozen current paper-approved artifact."
"figures/sm-decomp-annotated-1.pdf","structural_postprocess","frozen","./presentations/takeup-STRUCTURAL_LINEAR_U_SHOCKS_PHAT_MU_REP_FOB95-fig/sm-decomp-annotated-1.pdf","replication/paper-artifacts/figures/sm-decomp-annotated-1.pdf","97f961d120b12c0fdb3ad5abbc063073eda022e3d2909c869798bf6618e6fda2","structural-postprocess","Frozen current paper-approved artifact."
"figures/plot-scaled-STRUCTURAL_LINEAR_U_SHOCKS_PHAT_MU_REP-agg-identity-full-many-pots-pred-demand-vstar-comp-all.pdf","optimal_policy","frozen","./optim/plots/STRUCTURAL_LINEAR_U_SHOCKS_PHAT_MU_REP/agg-full-many-pots/plot-scaled-STRUCTURAL_LINEAR_U_SHOCKS_PHAT_MU_REP-agg-identity-full-many-pots-pred-demand-vstar-comp-all.pdf","replication/paper-artifacts/figures/plot-scaled-STRUCTURAL_LINEAR_U_SHOCKS_PHAT_MU_REP-agg-identity-full-many-pots-pred-demand-vstar-comp-all.pdf","043d0e051226580be3d72556c33f18c691ebe12b8d67ad94a7d03cc1deaaac4e","optimal-policy policy-tables","Frozen current paper-approved artifact."
"misc-figures/comp-dist-plot3-fit86-util-identity-STRUCTURAL_LINEAR_U_SHOCKS_PHAT_MU_REP.pdf","optimal_policy","frozen","./replication/paper-artifacts/misc-figures/comp-dist-plot3-fit86-util-identity-STRUCTURAL_LINEAR_U_SHOCKS_PHAT_MU_REP.pdf","replication/paper-artifacts/misc-figures/comp-dist-plot3-fit86-util-identity-STRUCTURAL_LINEAR_U_SHOCKS_PHAT_MU_REP.pdf","f8c7ae083bbd515a39c7928be1af0edca98632ebc0b4920bac6521b20068b288","optimal-policy policy-tables","Recovered from the presentation repository."
"figures/reported-social-perception-1.pdf","structural_postprocess","frozen","./presentations/takeup-STRUCTURAL_LINEAR_U_SHOCKS_PHAT_MU_REP_FOB95-fig/reported-social-perception-1.pdf","replication/paper-artifacts/figures/reported-social-perception-1.pdf","8dac3a82a4efbeda10764d0109b62bc0141ec305be823fc1212c2a276e859c91","structural-postprocess","Frozen current paper-approved artifact."
"figures/dist-plot-1.pdf","structural_postprocess","frozen","./presentations/takeup-STRUCTURAL_LINEAR_U_SHOCKS_PHAT_MU_REP_FOB95-fig/dist-plot-1.pdf","replication/paper-artifacts/figures/dist-plot-1.pdf","953929e039815fc84f2a66c5f1ea0d08b477811c409ae4a616f76ac8c3460767","structural-postprocess","Frozen current paper-approved artifact."
"misc-figures/all-clusters-map-1.pdf","design_simulation","frozen","./replication/paper-artifacts/misc-figures/all-clusters-map-1.pdf","replication/paper-artifacts/misc-figures/all-clusters-map-1.pdf","b7d12a0ecf490f0df7fbbdba404081de32ec7551c49b51c696990266e348ac5c","design-paper-full","Recovered from the presentation repository."
"misc-figures/signal_bracelet.png","versioned_source_asset","static","./images/signal_bracelet.png","","","paper-assets","Version-controlled source asset."
"misc-figures/calendar.png","versioned_source_asset","static","./images/calendar.png","","","paper-assets","Version-controlled source asset."
"sensitization.png","versioned_source_asset","static","./images/sensitization.png","","","paper-assets","Version-controlled source asset."
"misc-figures/flyer_bracelet.png","versioned_source_asset","static","./images/flyer_bracelet.png","","","paper-assets","Version-controlled source asset."
"misc-figures/flyer_calendar.png","versioned_source_asset","static","./images/flyer_calendar.png","","","paper-assets","Version-controlled source asset."
"misc-figures/flyer_ink.png","versioned_source_asset","static","./images/flyer_ink.png","","","paper-assets","Version-controlled source asset."
"misc-figures/flyer_control.png","versioned_source_asset","static","./images/flyer_control.png","","","paper-assets","Version-controlled source asset."
"figures/gpt-reason-plot-1.pdf","manual_or_static","frozen","./presentations/takeup-STRUCTURAL_LINEAR_U_SHOCKS_PHAT_MU_REP_FOB95-fig/gpt-reason-plot-1.pdf","replication/paper-artifacts/figures/gpt-reason-plot-1.pdf","4e3493b2fc232c24f21d1bac5a3445bbd391d94841ae5652f00dba4444067fc3","paper-assets","Frozen current paper-approved artifact."
"misc-figures/takeup-np-rf-fit.pdf","reduced_form","generated","./presentations/takeup-np-rf-fit.pdf","","","reduced-form","Regenerated in the isolated Make/targets build."
"figures/sms-TE-by-dist-incentive.pdf","reduced_form","frozen","./replication/paper-artifacts/figures/sms-TE-by-dist-incentive.pdf","replication/paper-artifacts/figures/sms-TE-by-dist-incentive.pdf","24d589eee4196e8186966a39458375a691769eb4860216e8d2b4185264028429","auxiliary-paper","Frozen current paper-approved artifact."
"misc-figures/dydc-derivative-positive-check.pdf","reduced_form","frozen","./replication/paper-artifacts/misc-figures/dydc-derivative-positive-check.pdf","replication/paper-artifacts/misc-figures/dydc-derivative-positive-check.pdf","4915c75407f318c711334f4feab897dc8962ccedfffd21d9304cb7efe60a782b","auxiliary-paper","Frozen current paper-approved artifact."
"figures/sm-decomp-1.pdf","structural_postprocess","frozen","./presentations/takeup-STRUCTURAL_LINEAR_U_SHOCKS_PHAT_MU_REP_FOB95-fig/sm-decomp-1.pdf","replication/paper-artifacts/figures/sm-decomp-1.pdf","42ec98d299bd0756957a59f4f927b86d6a2c515f3a457815495a3cd4b9977efd","structural-postprocess","Frozen current paper-approved artifact."
"optim-figures/panel-scenarios-compare-optimal-allocation-plot-distconstraint-3500.pdf","optimal_policy","frozen","./presentations/optim-figures/fit105/panel-scenarios-compare-optimal-allocation-plot-distconstraint-3500.pdf","replication/paper-artifacts/optim-figures/panel-scenarios-compare-optimal-allocation-plot-distconstraint-3500.pdf","6de073002868396d37d2c4a7f67dea5436e88cada68cb469e63b81d54a584279","optimal-policy policy-tables","Frozen current paper-approved artifact."
"misc-figures/ramsey-control-lambda-0-STRUCTURAL_LINEAR_U_SHOCKS_PHAT_MU_REP-private-incentive-only.pdf","optimal_policy","frozen","./replication/paper-artifacts/misc-figures/ramsey-control-lambda-0-STRUCTURAL_LINEAR_U_SHOCKS_PHAT_MU_REP-private-incentive-only.pdf","replication/paper-artifacts/misc-figures/ramsey-control-lambda-0-STRUCTURAL_LINEAR_U_SHOCKS_PHAT_MU_REP-private-incentive-only.pdf","8b345faac2d8c3423090afc00a0f54ce70ee50273814d15a741d4b5f1aa7d7e0","optimal-policy policy-tables","Frozen current paper-approved artifact."
"misc-figures/counterfactual-assignment-density-close-far-dens.pdf","design_simulation","frozen","./replication/paper-artifacts/misc-figures/counterfactual-assignment-density-close-far-dens.pdf","replication/paper-artifacts/misc-figures/counterfactual-assignment-density-close-far-dens.pdf","d837fc644e280485a1642f246967af264674c257b6511feb54caeeb6657383b5","design-paper-full","Frozen current paper-approved artifact."
"figures/dist-ri-plot.pdf","reduced_form","frozen","./replication/paper-artifacts/figures/dist-ri-plot.pdf","replication/paper-artifacts/figures/dist-ri-plot.pdf","75d445b1ab30fc4b39e9e0abbf4eba4bedf803226d91afd3a2ea3a336844cd50","auxiliary-paper","Frozen current paper-approved artifact."
"misc-figures/w-distributions-robustness/gauss-mix-pdf.pdf","structural_postprocess","frozen","./replication/paper-artifacts/misc-figures/w-distributions-robustness/gauss-mix-pdf.pdf","replication/paper-artifacts/misc-figures/w-distributions-robustness/gauss-mix-pdf.pdf","f2b788f3a436df67b490db9eb0b32b25d31653694789e75832ec58c0fe810d68","structural-postprocess","Frozen current paper-approved artifact."
"misc-figures/w-distributions-robustness/b-changes.pdf","structural_postprocess","frozen","./replication/paper-artifacts/misc-figures/w-distributions-robustness/b-changes.pdf","replication/paper-artifacts/misc-figures/w-distributions-robustness/b-changes.pdf","abd137e3a6889f266736868a78090017bd3d078b8e9ba2ae7359580ba9fa4688","structural-postprocess","Frozen current paper-approved artifact."
"misc-figures/w-distributions-robustness/Delta-vstar-mix-pdf.pdf","structural_postprocess","frozen","./replication/paper-artifacts/misc-figures/w-distributions-robustness/Delta-vstar-mix-pdf.pdf","replication/paper-artifacts/misc-figures/w-distributions-robustness/Delta-vstar-mix-pdf.pdf","c1d51865cf1947ed63556bdd5af56c526b110e68a2d7c300efc9a52969f61459","structural-postprocess","Frozen current paper-approved artifact."
"misc-figures/w-distributions-robustness/social-multiplier-b.pdf","structural_postprocess","frozen","./replication/paper-artifacts/misc-figures/w-distributions-robustness/social-multiplier-b.pdf","replication/paper-artifacts/misc-figures/w-distributions-robustness/social-multiplier-b.pdf","531ddbbfc4518c822f15b48930fd47d382113cd6388c166fe61a9f528ffc9190","structural-postprocess","Frozen current paper-approved artifact."
