outcome,contrast,distance_group,estimate,bootstrap_se,p_value_unrounded,p_value_display
Take-up,signal,combined,0.009667884632967416,0.01930908912684316,0.616588698788336,0.617
Take-up,signal,close,-0.02061582517546945,0.024245384863181833,0.3951589028601277,0.395
Take-up,signal,far,0.04713041590865641,0.030820765835779095,0.12622049300695415,0.126
Take-up,signal,far - close,0.06774624108412586,0.03904529308382171,0.08272875011553728,0.083
Take-up,control,combined,0.3376109466309477,0.022769514101141464,9.754568874081785e-50,$<$0.001
Take-up,control,close,0.41025904242881756,0.0266650988712017,2.0441336113743154e-53,$<$0.001
Take-up,control,far,0.24774145646073314,0.03782540981450216,5.768984322696284e-11,$<$0.001
Take-up,control,far - close,-0.1625175859680844,0.04561362496859295,0.00036675586442785923,$<$0.001
Take-up,bracelet - calendar,combined,0.048832647182802724,0.024458129991527883,0.0458706761107711,0.046
Take-up,bracelet - calendar,close,0.014327410741143465,0.03570660293750607,0.6882332614142908,0.688
Take-up,bracelet - calendar,far,0.09151742746723718,0.03187810633523995,0.004093629899049267,0.004
Take-up,bracelet - calendar,far - close,0.07719001672609371,0.047643205904915394,0.10519610727696908,0.105
Take-up,ink,combined,-0.029496877916867892,0.03183370918789515,0.35413812208697615,0.354
Take-up,ink,close,-0.05555906109208236,0.03753546326682862,0.13882650237121316,0.139
Take-up,ink,far,0.0027434043500755845,0.05214518596637933,0.9580419444982097,0.958
Take-up,ink,far - close,0.05830246544215795,0.06300332172039477,0.3547645513469385,0.355
Take-up,calendar,combined,0.027071688069114586,0.028012281231540793,0.3338330024525457,0.334
Take-up,calendar,close,0.027776745838903882,0.03809787250145516,0.4659471253397554,0.466
Take-up,calendar,far,0.026199494770506926,0.04134716082157981,0.5263113728825939,0.526
Take-up,calendar,far - close,-0.0015772510683969565,0.05625069817666935,0.9776305107208848,0.978
Take-up,bracelet,combined,0.07590433525191731,0.02856063399872306,0.007868620556064432,0.008
Take-up,bracelet,close,0.04210415658004735,0.037079692826568394,0.2561640142642358,0.256
Take-up,bracelet,far,0.1177169222377441,0.046788348578433725,0.011871363071521342,0.012
Take-up,bracelet,far - close,0.07561276565769676,0.06111168072832893,0.2159800814802577,0.216
Observability,signal,combined,0.10248183166850433,0.025995159176877815,8.068949678537887e-05,$<$0.001
Observability,signal,close,0.04449432288452071,0.03576122165310751,0.21342379377216078,0.213
Observability,signal,far,0.1768218179295713,0.03651568673785064,1.2831103709494146e-06,$<$0.001
Observability,signal,far - close,0.1323274950450506,0.05046726231846878,0.008740357324459627,0.009
Observability,control,combined,0.6809395961762652,0.03252113989637616,2.395239597282695e-97,$<$0.001
Observability,control,close,0.7450000746838499,0.042765672318312235,5.765493658905902e-68,$<$0.001
Observability,control,far,0.5988140627295416,0.04895641471136171,2.108107584585053e-34,$<$0.001
Observability,control,far - close,-0.14618601195430825,0.0643716342074072,0.023148830008823434,0.023
Observability,bracelet - calendar,combined,0.10184161431067451,0.030743811066218436,0.0009243666750151889,0.001
Observability,bracelet - calendar,close,0.03718913513850908,0.045571146937918444,0.41446149078722716,0.414
Observability,bracelet - calendar,far,0.18472609260939055,0.045348753726707755,4.6320870605677384e-05,$<$0.001
Observability,bracelet - calendar,far - close,0.14753695747088147,0.06753065329099962,0.02890787426795343,0.029
Observability,ink,combined,0.10312204902633415,0.04013795575945165,0.01019364442193648,0.01
Observability,ink,close,0.05179951063053234,0.05435996779101735,0.3406416972051379,0.341
Observability,ink,far,0.16891754324975206,0.057991404146325504,0.003582003557136579,0.004
Observability,ink,far - close,0.11711803261921971,0.07864741844497163,0.13644710577761407,0.136
Observability,calendar,combined,0.04278149796062669,0.042439587474286805,0.3134273848614671,0.313
Observability,calendar,close,0.026908695671476135,0.05890308951530542,0.6477932739992328,0.648
Observability,calendar,far,0.06313043049531764,0.06306720744912721,0.3168256137650525,0.317
Observability,calendar,far - close,0.0362217348238415,0.08764355825422393,0.6793980954927339,0.679
Observability,bracelet,combined,0.1446231122713012,0.038123832376008186,0.00014853307151325876,$<$0.001
Observability,bracelet,close,0.06409783080998521,0.04955574329276604,0.19585578288068567,0.196
Observability,bracelet,far,0.24785652310470818,0.05625471113906704,1.053119408825612e-05,$<$0.001
Observability,bracelet,far - close,0.18375869229472297,0.07302931096961598,0.011861705908479373,0.012
