cluster.id.x,cluster_id,clust_expected_dist,mu_d,dist
9,1,1371.757359384109,2.066289192385261,1111.337092902064
17,2,1111.337092902064,1.674016041139667,1207.6139065186287
20,3,1207.6139065186287,1.8190385832767955,1217.9553113957386
26,4,1217.9553113957386,1.834615924987757,1502.620020609988
33,5,1502.620020609988,2.2634086761831913,1310.2376139216135
36,6,1310.2376139216135,1.9736215027987296,1392.3683649997736
43,7,1392.3683649997736,2.097335716653198,1414.165908590908
47,8,1414.165908590908,2.130169532659208,1481.9460737368504
51,9,1481.9460737368504,2.2322673429906428,689.5306241560302
54,10,689.5306241560302,1.0386455496414913,1733.2974491877624
64,11,1733.2974491877624,2.610879950411662,1875.4910722685104
67,12,1875.4910722685104,2.825067353590435,1309.3775761032489
70,13,1309.3775761032489,1.9723260208849842,1315.2750903743697
81,14,1315.2750903743697,1.9812094942755158,1251.9253443051982
98,15,1251.9253443051982,1.8857852599912175,1526.66513859846
103,16,1526.66513859846,2.2996280316612734,1396.373459871258
108,17,1396.373459871258,2.1033686234138673,1323.267470749813
112,18,1323.267470749813,1.9932484814026745,1565.256362729057
118,19,1565.256362729057,2.357758304334111,1267.2018811325286
119,20,1267.2018811325286,1.9087964308279903,1371.6694670208256
121,21,1371.6694670208256,2.066156799408396,1364.5906679691157
129,22,1364.5906679691157,2.055493947209679,1217.9389527961362
140,23,1217.9389527961362,1.8345912838970204,1630.410082657947
141,24,1630.410082657947,2.4558998790169735,1730.628749241059
147,25,1730.628749241059,2.606860066122455,1281.2169558911908
149,26,1281.2169558911908,1.9299074511598202,1350.4659508896375
164,27,1350.4659508896375,2.0342177717642422,1119.595953203396
169,28,1119.595953203396,1.6864564291319895,1224.2862424534549
172,29,1224.2862424534549,1.844152257585359,1513.4693632055487
173,30,1513.4693632055487,2.2797511285829053,1444.8795430347857
184,31,1444.8795430347857,2.176433728346665,1623.7600666796002
186,32,1623.7600666796002,2.4458829062256506,1546.395730834004
197,33,1546.395730834004,2.329348382142185,1546.075178584819
210,34,1546.075178584819,2.3288655316996087,1378.438771525918
213,35,1378.438771525918,2.0763534574712454,290.911794769738
215,36,290.911794769738,0.43820278663567286,1433.283535835108
223,37,1433.283535835108,2.1589665690217292,1596.231042560687
231,38,1596.231042560687,2.4044157147980334,1375.140914677226
234,39,1375.140914677226,2.0713858690578357,1227.5037736498412
235,40,1227.5037736498412,1.8489988508197779,1234.8837850410089
238,41,1234.8837850410089,1.860115421598809,1322.8730225577397
249,42,1322.8730225577397,1.9926543209043464,1514.2914062289974
252,43,1514.2914062289974,2.2809893786301223,1325.8541752126268
254,44,1325.8541752126268,1.9971448552320863,1272.2951799287528
255,45,1272.2951799287528,1.9164685079517114,1209.9849235413833
259,46,1209.9849235413833,1.8226100653727828,1377.5070218640865
278,47,1377.5070218640865,2.0749499554283513,946.0352300835948
287,48,1588.5847058629183,2.392897976058121,1201.1198883265738
293,49,946.0352300835948,1.4250205097606279,1689.3130731750182
298,50,1201.1198883265738,1.8092565912112155,1159.3396232435018
299,51,1689.3130731750182,2.54462592948937,1087.173441426015
306,52,1159.3396232435018,1.7463226403885252,1039.9370771667343
343,53,1087.173441426015,1.6376181377116574,1422.5550743072768
360,54,1039.9370771667343,1.566465620621939,1529.637944558325
378,55,1422.5550743072768,2.1428062007508917,1280.8570215065215
392,56,1529.637944558325,2.304105993294871,468.0808966398934
408,57,1280.8570215065215,1.9293652790884097,1429.1760624251713
422,58,468.0808966398934,0.7050740360695152,1388.966388706382
431,59,1429.1760624251713,2.152779448641509,1318.9906400350094
433,60,1388.966388706382,2.092211292279093,1251.0886846581486
447,61,1318.9906400350094,1.9868062567459557,1364.210221134326
449,62,1251.0886846581486,1.884524992805788,1455.1168283518932
459,63,1364.210221134326,2.054920877068939,1321.298051752685
476,64,1455.1168283518932,2.19185423392325,1435.1245629013604
478,65,1321.298051752685,1.9902819296570577,1366.8621806762924
502,66,1435.1245629013604,2.1617397229646347,1622.729921603415
503,67,1366.8621806762924,2.0589155451512506,1326.9943622853816
517,68,999.7228209274156,1.5058905615718285,1101.9963454479512
551,69,1336.576595457432,2.013296123469496,1311.3323686518204
555,70,1622.729921603415,2.4443311903752134,1476.92352852174
570,71,1326.9943622853816,1.9988623282309468,1395.7679212571672
587,72,1101.9963454479512,1.6599459977889253,1180.8427171959404
589,73,1311.3323686518204,1.9752705406929785,1399.578424163342
605,74,1476.92352852174,2.2247018425577467,1301.059883323908
624,75,1395.7679212571672,2.102456495707529,1364.9294908620336
630,76,1180.8427171959404,1.7787129245250124,1363.8509129123809
631,77,1399.578424163342,2.108196287018812,1224.2592496770355
648,78,1301.059883323908,1.95979701305575,1215.777334297659
657,79,1364.9294908620336,2.056004318870512,1408.2805392159642
715,80,1363.8509129123809,2.054379648191498,1586.9505758485518
718,81,1224.2592496770355,1.8441115981481735,1904.0812930825011
729,82,1215.777334297659,1.8313352204898092,1083.5407188706365
735,83,1408.2805392159642,2.1213043532239015,1186.5848646639688
738,84,1470.295557043726,2.214718075575365,1535.1859314336805
779,85,1586.9505758485518,2.3904364728159195,1547.905203521948
781,86,1904.0812930825011,2.868133034172882,1249.616497147714
789,87,1083.5407188706365,1.6321461383790037,1454.4325637640306
796,88,1186.5848646639688,1.7873623676448922,1846.783180833967
798,89,1278.1691843799508,1.925316568310566,1456.652499071364
800,90,1535.1859314336805,2.312462970745453,1408.206153123402
807,91,1547.905203521948,2.3316221130465333,1380.5593878295108
830,92,1249.616497147714,1.8823074248655354,1306.705036510411
834,93,1454.4325637640306,2.1908235206466196,1464.1675759030536
835,94,1846.783180833967,2.7818244248016297,1342.7132229324277
844,95,1456.652499071364,2.194167427134132,1167.080111344453
868,96,1408.206153123402,2.121192304851736,994.2946081865548
870,97,1380.5593878295108,2.07954775894106,1407.3210935381553
882,98,1306.705036510411,1.9683003529057856,1352.698742306275
910,99,1464.1675759030536,2.205487448077367,1172.5186332872158
921,100,1342.7132229324277,2.022539775010736,1287.542843458386
929,101,1167.080111344453,1.7579822001476673,1421.958092844594
951,102,994.2946081865548,1.4977140008676495,1373.4482720462993
954,103,1407.3210935381553,2.1198591324483944,1376.0468602408987
979,104,1352.698742306275,2.0375810435130592,1216.5100791553295
1008,105,1172.5186332872158,1.766174289685956,1333.064020213659
1014,106,1287.542843458386,1.9394361867069059,1520.7622445215177
1026,107,1421.958092844594,2.1419069627508494,1262.227560394578
1055,108,1373.4482720462993,2.0688362277886068,1237.2829197107235
1059,109,1376.0468602408987,2.072750502179211,1536.5716377641118
1072,110,1216.5100791553295,1.832438959988506,1339.741505221102
1093,111,1333.064020213659,2.0080051030029415,1280.347967581078
1094,112,1520.7622445215177,2.290736454625771,1392.5319708317083
1101,113,1262.227560394578,1.9013035713146287,1481.139525744913
1120,114,1237.2829197107235,1.8637292575335647,1395.2159745189088
1147,115,1536.5716377641118,2.3145502713856154,1176.7245515287095
1152,116,1339.741505221102,2.0180634526147045,1475.3752950047724
1163,117,1280.347967581078,1.9285984870480466,1465.0232101929782
1167,118,1392.5319708317083,2.0975821574395552,1440.73275855443
1201,119,1481.139525744913,2.23105243323457,1341.0165103047384
1216,120,1395.2159745189088,2.1016250938767063,1265.6966571826904
1219,121,1176.7245515287095,1.7725096983112514,1410.969130090707
1234,122,1475.3752950047724,2.2223697259035045,1242.2317204969384
1236,123,1465.0232101929782,2.206776296920649,1209.6847107001354
1242,124,1440.73275855443,2.1701873933834928,1778.4709658232289
1244,125,1341.0165103047384,2.0199840030725036,1437.6812982426552
1245,126,1265.6966571826904,1.9065290998321744,1334.7127243092898
1247,127,1410.969130090707,2.1253541993787066,1134.507681631508
1254,128,1242.2317204969384,1.8711836761374603,1323.5857495860173
1261,129,1209.6847107001354,1.8221578523446973,632.0469827648345
1272,130,1778.4709658232289,2.6789251834606094,1536.2268904638029
1289,131,1437.6812982426552,2.1655909540641924,1252.2459791791282
1304,132,1334.7127243092898,2.0104885593014905,1437.1644996458567
1313,133,1134.507681631508,1.708918086129861,1367.075059574
1323,134,1323.5857495860173,1.993727907384912,1251.2274223250372
1347,135,632.0469827648345,0.9520574762238233,1342.035656152641
1355,136,1536.2268904638029,2.314030975742068,1552.348914588032
1370,137,1252.2459791791282,1.8862682348921145,1500.3000900907089
1389,138,1437.1644996458567,2.1648124961628006,1171.3864822105563
1393,139,1367.075059574,2.0592362063546417,1272.8685223165949
1406,140,1251.2274223250372,1.8847339744742349,1452.752840735464
1426,141,1342.035656152641,2.0215191506965198,1300.6484284247133
1442,142,1552.348914588032,2.3383157109245536,1624.2500518224992
1449,143,1500.3000900907089,2.259914146100099,1645.4781990964216
1451,144,1171.3864822105563,1.7644689213729337,1368.2011174600193
