assigned_treatment,assigned_dist_group,estimate,std_error,conf.low,conf.high,pval,oneside_pval
control,combined,0.5594631117182086,0.01947504127031815,0.5206345818349896,0.597720282460094,$<$0.001,$<$0.001
control,close,0.6170062564167075,0.019105535027191978,0.5800512974450784,0.6555874029067001,$<$0.001,$<$0.001
control,far,0.4876679455516962,0.03809809228034169,0.40689067085305874,0.5591372590827783,$<$0.001,$<$0.001
control,far - close,-0.1293383108650113,0.04358317458524008,-0.22047421905332368,-0.04653412301499357,0.003,0.998
abs(calendar) - abs(bracelet),combined,-0.045295745669539644,0.01700414605494983,-0.0782319157721851,-0.011654454234730974,0.008,0.996
abs(calendar) - abs(bracelet),close,-0.04119398137451791,0.026026002821826284,-0.08907484486363032,0.013088877131246516,0.113,0.943
abs(calendar) - abs(bracelet),far,-0.05041341608327787,0.021783140422135666,-0.09011739629473542,-0.006286791760053484,0.021,0.99
abs(calendar) - abs(bracelet),far - close,-0.009219434708759966,0.034807108727856945,-0.08126420531356972,0.05290659868475075,0.791,0.604
bracelet - calendar,combined,0.045295745669539644,0.017039545899369176,0.011654454234730964,0.0782319157721851,0.008,0.004
bracelet - calendar,close,0.04119398137451791,0.02678184470797699,-0.006766498866782324,0.09782904381085132,0.124,0.062
bracelet - calendar,far,0.05041341608327787,0.021783140422135666,0.006286791760053447,0.09011739629473542,0.021,0.01
bracelet - calendar,far - close,0.009219434708759966,0.03593523136278071,-0.060998899803964356,0.07690598916387781,0.798,0.399
bracelet - no signal,combined,0.07445395289473716,0.01686476190592225,0.0434284620604838,0.10699983188255427,$<$0.001,$<$0.001
bracelet - no signal,close,0.05313573169992408,0.022297658443217447,0.01558310575819251,0.1011730600923053,0.017,0.009
bracelet - no signal,far,0.10105217308370099,0.025523301045259367,0.05156139171361519,0.14858444033739335,$<$0.001,$<$0.001
bracelet - no signal,far - close,0.0479164413837769,0.03375512134253268,-0.02364269051505828,0.1113850202102019,0.156,0.078
ink,combined,0.02946647985792772,0.023707825998904024,-0.016239775684194657,0.0768267845161281,0.214,0.107
ink,close,0.008685182168171823,0.024677524878648646,-0.040105317155729014,0.057637793674945564,0.725,0.362
ink,far,0.05539479379713291,0.045498092339658305,-0.03169634568759372,0.14512008470533777,0.223,0.112
ink,far - close,0.04670961162896109,0.05312376685258694,-0.05394283793807875,0.15760167741496972,0.379,0.19
calendar,combined,0.05831641445039504,0.023021390544862266,0.01642696791881841,0.10492466965407013,0.011,0.006
calendar,close,0.02388350065081235,0.02871592981645922,-0.03388331956735572,0.08281563745306805,0.406,0.203
calendar,far,0.10127751400084622,0.040005209001602295,0.027240642253593093,0.18926411703373347,0.011,0.006
calendar,far - close,0.07739401335003387,0.05089778248487702,-0.017765265956253017,0.1887397251210876,0.128,0.064
bracelet,combined,0.10361216011993468,0.023312796381809723,0.0610952555896066,0.1494322114097726,$<$0.001,$<$0.001
bracelet,close,0.06507748202533026,0.026256546816946117,0.01336946760431149,0.11619196458275596,0.013,0.007
bracelet,far,0.1516909300841241,0.04035568063450715,0.0748292697796503,0.23452657854486378,$<$0.001,$<$0.001
bracelet,far - close,0.08661344805879384,0.04777831842520789,-0.008282006388956277,0.17558607249922484,0.07,0.035
signal,combined,0.03738111276373379,0.014736787687854481,0.008335680936068679,0.06726996273827864,0.011,0.006
signal,close,0.02493958177134481,0.01758620640012727,-0.008466610620850024,0.061513593519379434,0.156,0.078
signal,far,0.052904104940205365,0.024516322719015462,0.003970519671704112,0.10071812081613424,0.031,0.015
signal,far - close,0.027964523168860556,0.029976088845064898,-0.03495712973017291,0.08867662759193393,0.351,0.175
