model,term,estimate,se,pval
treat_controls,assigned_treatment::ink,-0.03810976026360268,0.036265885090707765,0.29333059181600574
treat_controls,assigned_treatment::calendar,-0.03011666347282961,0.037215987240056495,0.4183771424434526
treat_controls,assigned_treatment::bracelet,-0.058292431184210215,0.03658679375097631,0.11110091890076297
treat_controls,femaleTRUE,0.03481097584349973,0.020127928838010487,0.0837221081644841
treat_controls,age.census,2.56041370462992e-4,6.092114295433464e-4,0.6742785316131181
treat_controls,mu_d,0.018401806588963662,0.03272508968261932,0.5739014663251947
treat_controls,joint_treatment_p,NA,NA,0.43149813589497504
treat_controls,bracelet_calendar,NA,NA,0.3157005965666305
dist_controls,assigned_dist_groupfar,0.0054587089462154285,0.06630234466228305,0.9343838561666323
dist_controls,assigned_treatment::ink:assigned_dist_group::close,-0.04624112766625108,0.04090032265669638,0.25823148846950117
dist_controls,assigned_treatment::ink:assigned_dist_group::far,-0.024664470820917928,0.06422288453700228,0.7009451742351125
dist_controls,assigned_treatment::calendar:assigned_dist_group::close,-0.016818268422535854,0.045539630634999405,0.7118962237164359
dist_controls,assigned_treatment::calendar:assigned_dist_group::far,-0.044491914983195845,0.0624599919932886,0.4762625435589082
dist_controls,assigned_treatment::bracelet:assigned_dist_group::close,-0.0878140404451643,0.03856215647062493,0.02277382430529474
dist_controls,assigned_treatment::bracelet:assigned_dist_group::far,-0.026001931552648804,0.06490432872479376,0.6887003793125479
dist_controls,femaleTRUE,0.03656358955840732,0.0201553313707821,0.0696638367156031
dist_controls,age.census,2.4008723703031342e-4,6.096748126249947e-4,0.6937319793525927
dist_controls,mu_d,0.01426556812925968,0.034433989982208306,0.6786636415208367
dist_controls,joint_treatment_p,NA,NA,0.219835482464881
dist_controls,bracelet_calendar,NA,NA,0.1109337095707147
dist_controls,bracelet_calendar_close,NA,NA,0.04108441125771666
dist_controls,bracelet_calendar_far,NA,NA,0.6566487893254213
