stage,sms,records,unique_people
raw,all,5114,4392
raw,reminder.only,248,189
raw,sms.control,3683,3231
raw,social.info,1177,971
raw,NA,6,1
present_nonweb_after_start,all,4062,3889
present_nonweb_after_start,reminder.only,175,170
present_nonweb_after_start,sms.control,2959,2828
present_nonweb_after_start,social.info,928,891
gps_available,all,4042,3873
gps_available,reminder.only,174,169
gps_available,sms.control,2942,2815
gps_available,social.info,926,889
valid_fieldwork,all,3992,3834
valid_fieldwork,reminder.only,172,168
valid_fieldwork,sms.control,2904,2786
valid_fieldwork,social.info,916,880
eligible_contact_records,all,3817,3776
eligible_contact_records,reminder.only,172,168
eligible_contact_records,sms.control,2774,2745
eligible_contact_records,social.info,871,863
completed_records,all,3700,3678
completed_records,reminder.only,167,163
completed_records,sms.control,2672,2659
completed_records,social.info,861,856
unique_completed_respondents,all,3678,3678
unique_completed_respondents,reminder.only,163,163
unique_completed_respondents,sms.control,2659,2659
unique_completed_respondents,social.info,856,856
