"sample","stage","truth","arm","p_500m","p_2500m","difference","lower","upper"
"all_communities","definite","nonparticipant","control",0.746689922241976,0.551241134509864,-0.195448787732112,-0.4836172100099,0.0927196345456766
"all_communities","definite","nonparticipant","calendar",0.750644495347276,0.655574530733153,-0.0950699646141233,-0.292369834305243,0.102229905076997
"all_communities","definite","nonparticipant","ink",0.80557703400612,0.806123382721172,0.000546348715052325,-0.137730939775705,0.138823637205809
"all_communities","definite","nonparticipant","bracelet",0.8442712356354,0.823272416448435,-0.020998819186965,-0.188736646630597,0.146739008256667
"all_communities","definite","participant","control",0.859871362481747,0.505257520191577,-0.35461384229017,-0.624439271797971,-0.0847884127823679
"all_communities","definite","participant","calendar",0.822879745379315,0.636377019050437,-0.186502726328878,-0.401532940087698,0.0285274874299412
"all_communities","definite","participant","ink",0.818187956985454,0.853073401542328,0.0348854445568738,-0.0694837330787696,0.139254622192517
"all_communities","definite","participant","bracelet",0.806717644764281,0.9317367366324,0.125019091868119,0.0255485938081899,0.224489589928047
"all_communities","accuracy","nonparticipant","control",0.351076509816039,0.686269536089008,0.335193026272969,0.0879132319799659,0.582472820565971
"all_communities","accuracy","nonparticipant","calendar",0.303620361323891,0.519633372286065,0.216013010962174,-0.0270116709354465,0.459037692859794
"all_communities","accuracy","nonparticipant","ink",0.378452888344614,0.474583083650753,0.0961301953061387,-0.0418557457787234,0.234116136391001
"all_communities","accuracy","nonparticipant","bracelet",0.235518856852654,0.541843677267276,0.306324820414623,0.123257191860661,0.489392448968584
"all_communities","accuracy","participant","control",0.825977945991153,0.737392325216011,-0.0885856207751422,-0.28224794564737,0.105076704097086
"all_communities","accuracy","participant","calendar",0.836050152869689,0.785311585061021,-0.050738567808668,-0.186325315684372,0.0848481800670361
"all_communities","accuracy","participant","ink",0.746650042697308,0.775175668499794,0.0285256258024861,-0.103988621735017,0.16103987333999
"all_communities","accuracy","participant","bracelet",0.837193595650175,0.754423926409502,-0.0827696692406727,-0.222713733917039,0.0571743954356936
"exclude_dispersed","definite","nonparticipant","control",0.746689922241977,0.551241134509862,-0.195448787732115,-0.483759285895272,0.0928617104310421
"exclude_dispersed","definite","nonparticipant","calendar",0.778794801622392,0.62656199008574,-0.152232811536652,-0.364262882598483,0.0597972595251793
"exclude_dispersed","definite","nonparticipant","ink",0.811803465118193,0.779734955970688,-0.0320685091475045,-0.1904038674073,0.126266849112291
"exclude_dispersed","definite","nonparticipant","bracelet",0.846077071781397,0.81722469557207,-0.0288523762093268,-0.201305295940491,0.143600543521837
"exclude_dispersed","definite","participant","control",0.859871362481748,0.505257520191574,-0.354613842290173,-0.624564178619927,-0.084663505960419
"exclude_dispersed","definite","participant","calendar",0.830384977227859,0.626877972258761,-0.203507004969098,-0.432145706208382,0.0251316962701865
"exclude_dispersed","definite","participant","ink",0.820263496063003,0.838315664161009,0.0180521680980064,-0.0988169933391953,0.134921329535208
"exclude_dispersed","definite","participant","bracelet",0.807481672956848,0.929247705401561,0.121766032444714,0.0192358114127992,0.224296253476628
"exclude_dispersed","accuracy","nonparticipant","control",0.35107650981604,0.686269536089008,0.335193026272968,0.087783960437844,0.582602092108093
"exclude_dispersed","accuracy","nonparticipant","calendar",0.323478350738517,0.51014369008793,0.186665339349413,-0.0851902541798625,0.458520932878688
"exclude_dispersed","accuracy","nonparticipant","ink",0.379000855603572,0.472326770548803,0.0933259149452311,-0.0836886668066412,0.270340496697103
"exclude_dispersed","accuracy","nonparticipant","bracelet",0.235805620654688,0.540756404286379,0.304950783631691,0.117043063608667,0.492858503654714
"exclude_dispersed","accuracy","participant","control",0.825977945991154,0.737392325216012,-0.0885856207751418,-0.28233872806683,0.105167486516546
"exclude_dispersed","accuracy","participant","calendar",0.836385907301809,0.793770205755351,-0.0426157015464572,-0.184672893519265,0.099441490426351
"exclude_dispersed","accuracy","participant","ink",0.751699103424756,0.740561818944805,-0.0111372844799517,-0.153793767000091,0.131519198040188
"exclude_dispersed","accuracy","participant","bracelet",0.837887736260711,0.749750889134572,-0.0881368471261392,-0.231098053778301,0.0548243595260224
