"sample","stage","truth","arm","n","clusters","log_odds_per_km","se","lower","upper"
"all_communities","definite","nonparticipant","control",481,144,-0.437674505472533,0.322174351066648,-1.07451403159907,0.199165020654004
"all_communities","definite","nonparticipant","calendar",628,144,-0.229209140981162,0.240815945126097,-0.705228140849006,0.246809858886683
"all_communities","definite","nonparticipant","ink",757,144,0.00174601879032332,0.223625815370812,-0.440293385708849,0.443785423289496
"all_communities","definite","nonparticipant","bracelet",635,144,-0.0758401645517233,0.301963018488693,-0.672728107261652,0.521047778158205
"all_communities","definite","participant","control",432,144,-0.896595551755111,0.339434661933457,-1.56755339970591,-0.225637703804311
"all_communities","definite","participant","calendar",621,144,-0.488153772682026,0.264688079398603,-1.01136063411427,0.0350530887502133
"all_communities","definite","participant","ink",581,144,0.127396899631647,0.196055512930234,-0.26014450313867,0.514938302401963
"all_communities","definite","participant","bracelet",827,144,0.59242846446527,0.303591852874681,-0.00767918246716137,1.1925361113977
"all_communities","accuracy","nonparticipant","control",325,142,0.698523441400671,0.282848310430128,0.139351710004357,1.25769517279698
"all_communities","accuracy","nonparticipant","calendar",448,142,0.454345374731661,0.261427715493537,-0.0624793080292271,0.97117005749255
"all_communities","accuracy","nonparticipant","ink",610,142,0.19718237081248,0.143008849409352,-0.0855363267382205,0.47990106836318
"all_communities","accuracy","nonparticipant","bracelet",531,142,0.672586738637259,0.209260131613793,0.258893795134205,1.08627968214031
"all_communities","accuracy","participant","control",344,144,-0.262463572384103,0.266356632346005,-0.788968649409304,0.264041504641098
"all_communities","accuracy","participant","calendar",481,144,-0.166117606670463,0.216831135392545,-0.594726020269164,0.262490806928238
"all_communities","accuracy","participant","ink",481,144,0.0784727480145178,0.186587650732566,-0.290353605418595,0.44729910144763
"all_communities","accuracy","participant","bracelet",706,144,-0.257572936964172,0.220982268160698,-0.694386862318252,0.179240988389909
"exclude_dispersed","definite","nonparticipant","control",481,139,-0.437674505472541,0.322233533716677,-1.07482801305061,0.199479002105528
"exclude_dispersed","definite","nonparticipant","calendar",572,139,-0.370580566179238,0.262185493925857,-0.889000871987103,0.147839739628627
"exclude_dispersed","definite","nonparticipant","ink",718,139,-0.0988244813301906,0.242247719466421,-0.577821755079264,0.380172792418882
"exclude_dispersed","definite","nonparticipant","bracelet",631,139,-0.10325095868321,0.305799790289997,-0.707909967174931,0.501408049808511
"exclude_dispersed","definite","participant","control",432,139,-0.89659555175512,0.339486796834927,-1.56786399760844,-0.2253271059018
"exclude_dispersed","definite","participant","calendar",597,139,-0.534755871153906,0.28126925781138,-1.09091057088783,0.0213988285800207
"exclude_dispersed","definite","participant","ink",565,139,0.0638075565099662,0.21123021452245,-0.353858694848534,0.481473807868466
"exclude_dispersed","definite","participant","bracelet",820,139,0.570730683596542,0.307905822443498,-0.0380925897319212,1.179553956925
"exclude_dispersed","accuracy","nonparticipant","control",325,137,0.69852344140067,0.282906122878919,0.139059389346961,1.25798749345438
"exclude_dispersed","accuracy","nonparticipant","calendar",413,137,0.389206293764219,0.287861408576434,-0.180057136921539,0.958469724449977
"exclude_dispersed","accuracy","nonparticipant","ink",574,137,0.191492544785136,0.18261094171923,-0.169631690929301,0.552616780499574
"exclude_dispersed","accuracy","nonparticipant","bracelet",527,137,0.669601242442007,0.214121399111931,0.246163162136334,1.09303932274768
"exclude_dispersed","accuracy","participant","control",344,139,-0.262463572384101,0.266399100490343,-0.789215457376635,0.264288312608433
"exclude_dispersed","accuracy","participant","calendar",465,139,-0.141888301849275,0.231462405356248,-0.599559735806423,0.315783132107873
"exclude_dispersed","accuracy","participant","ink",466,139,-0.029402075045838,0.189588369765293,-0.404275830109998,0.345471680018322
"exclude_dispersed","accuracy","participant","bracelet",699,139,-0.272655452812806,0.224123551016578,-0.715815744089698,0.170504838464086
