"analysis_id","draw","replicate","status","error"
"baseline-posterior",1,1,"complete",""
"baseline-posterior",2,2,"complete",""
"baseline-posterior",3,3,"complete",""
"baseline-posterior",4,4,"complete",""
"baseline-posterior",5,5,"complete",""
"baseline-posterior",6,6,"complete",""
"baseline-posterior",7,7,"complete",""
"baseline-posterior",8,8,"complete",""
"baseline-posterior",9,9,"complete",""
"baseline-posterior",10,10,"complete",""
"baseline-posterior",11,11,"complete",""
"baseline-posterior",12,12,"complete",""
"baseline-posterior",13,13,"complete",""
"baseline-posterior",14,14,"complete",""
"baseline-posterior",15,15,"complete",""
"baseline-posterior",16,16,"complete",""
"baseline-posterior",17,17,"complete",""
"baseline-posterior",18,18,"complete",""
"baseline-posterior",19,19,"complete",""
"baseline-posterior",20,20,"complete",""
"baseline-posterior",21,21,"complete",""
"baseline-posterior",22,22,"complete",""
"baseline-posterior",23,23,"complete",""
"baseline-posterior",24,24,"complete",""
"baseline-posterior",25,25,"complete",""
"baseline-posterior",26,26,"complete",""
"baseline-posterior",27,27,"complete",""
"baseline-posterior",28,28,"complete",""
"baseline-posterior",29,29,"complete",""
"baseline-posterior",30,30,"complete",""
"baseline-posterior",31,31,"complete",""
"baseline-posterior",32,32,"complete",""
"baseline-posterior",33,33,"complete",""
"baseline-posterior",34,34,"complete",""
"baseline-posterior",35,35,"complete",""
"baseline-posterior",36,36,"complete",""
"baseline-posterior",37,37,"complete",""
"baseline-posterior",38,38,"complete",""
"baseline-posterior",39,39,"complete",""
"baseline-posterior",40,40,"complete",""
"baseline-posterior",41,41,"complete",""
"baseline-posterior",42,42,"complete",""
"baseline-posterior",43,43,"complete",""
"baseline-posterior",44,44,"complete",""
"baseline-posterior",45,45,"complete",""
"baseline-posterior",46,46,"complete",""
"baseline-posterior",47,47,"complete",""
"baseline-posterior",48,48,"complete",""
"baseline-posterior",49,49,"complete",""
"baseline-posterior",50,50,"complete",""
"baseline-posterior",51,51,"complete",""
"baseline-posterior",52,52,"complete",""
"baseline-posterior",53,53,"complete",""
"baseline-posterior",54,54,"complete",""
"baseline-posterior",55,55,"complete",""
"baseline-posterior",56,56,"complete",""
"baseline-posterior",57,57,"complete",""
"baseline-posterior",58,58,"complete",""
"baseline-posterior",59,59,"complete",""
"baseline-posterior",60,60,"complete",""
"baseline-posterior",61,61,"complete",""
"baseline-posterior",62,62,"complete",""
"baseline-posterior",63,63,"complete",""
"baseline-posterior",64,64,"complete",""
"baseline-posterior",65,65,"complete",""
"baseline-posterior",66,66,"complete",""
"baseline-posterior",67,67,"complete",""
"baseline-posterior",68,68,"complete",""
"baseline-posterior",69,69,"complete",""
"baseline-posterior",70,70,"complete",""
"baseline-posterior",71,71,"complete",""
"baseline-posterior",72,72,"complete",""
"baseline-posterior",73,73,"complete",""
"baseline-posterior",74,74,"complete",""
"baseline-posterior",75,75,"complete",""
"baseline-posterior",76,76,"complete",""
"baseline-posterior",77,77,"complete",""
"baseline-posterior",78,78,"complete",""
"baseline-posterior",79,79,"complete",""
"baseline-posterior",80,80,"complete",""
"baseline-posterior",81,81,"complete",""
"baseline-posterior",82,82,"complete",""
"baseline-posterior",83,83,"complete",""
"baseline-posterior",84,84,"complete",""
"baseline-posterior",85,85,"complete",""
"baseline-posterior",86,86,"complete",""
"baseline-posterior",87,87,"complete",""
"baseline-posterior",88,88,"complete",""
"baseline-posterior",89,89,"complete",""
"baseline-posterior",90,90,"complete",""
"baseline-posterior",91,91,"complete",""
"baseline-posterior",92,92,"complete",""
"baseline-posterior",93,93,"complete",""
"baseline-posterior",94,94,"complete",""
"baseline-posterior",95,95,"complete",""
"baseline-posterior",96,96,"complete",""
"baseline-posterior",97,97,"complete",""
"baseline-posterior",98,98,"complete",""
"baseline-posterior",99,99,"complete",""
"baseline-posterior",100,100,"complete",""
"baseline-posterior",101,101,"complete",""
"baseline-posterior",102,102,"complete",""
"baseline-posterior",103,103,"complete",""
"baseline-posterior",104,104,"complete",""
"baseline-posterior",105,105,"complete",""
"baseline-posterior",106,106,"complete",""
"baseline-posterior",107,107,"complete",""
"baseline-posterior",108,108,"complete",""
"baseline-posterior",109,109,"complete",""
"baseline-posterior",110,110,"complete",""
"baseline-posterior",111,111,"complete",""
"baseline-posterior",112,112,"complete",""
"baseline-posterior",113,113,"complete",""
"baseline-posterior",114,114,"complete",""
"baseline-posterior",115,115,"complete",""
"baseline-posterior",116,116,"complete",""
"baseline-posterior",117,117,"complete",""
"baseline-posterior",118,118,"complete",""
"baseline-posterior",119,119,"complete",""
"baseline-posterior",120,120,"complete",""
"baseline-posterior",121,121,"complete",""
"baseline-posterior",122,122,"complete",""
"baseline-posterior",123,123,"complete",""
"baseline-posterior",124,124,"complete",""
"baseline-posterior",125,125,"complete",""
"baseline-posterior",126,126,"complete",""
"baseline-posterior",127,127,"complete",""
"baseline-posterior",128,128,"complete",""
"baseline-posterior",129,129,"complete",""
"baseline-posterior",130,130,"complete",""
"baseline-posterior",131,131,"complete",""
"baseline-posterior",132,132,"complete",""
"baseline-posterior",133,133,"complete",""
"baseline-posterior",134,134,"complete",""
"baseline-posterior",135,135,"complete",""
"baseline-posterior",136,136,"complete",""
"baseline-posterior",137,137,"complete",""
"baseline-posterior",138,138,"complete",""
"baseline-posterior",139,139,"complete",""
"baseline-posterior",140,140,"complete",""
"baseline-posterior",141,141,"complete",""
"baseline-posterior",142,142,"complete",""
"baseline-posterior",143,143,"complete",""
"baseline-posterior",144,144,"complete",""
"baseline-posterior",145,145,"complete",""
"baseline-posterior",146,146,"complete",""
"baseline-posterior",147,147,"complete",""
"baseline-posterior",148,148,"complete",""
"baseline-posterior",149,149,"complete",""
"baseline-posterior",150,150,"complete",""
"baseline-posterior",151,151,"complete",""
"baseline-posterior",152,152,"complete",""
"baseline-posterior",153,153,"complete",""
"baseline-posterior",154,154,"complete",""
"baseline-posterior",155,155,"complete",""
"baseline-posterior",156,156,"complete",""
"baseline-posterior",157,157,"complete",""
"baseline-posterior",158,158,"complete",""
"baseline-posterior",159,159,"complete",""
"baseline-posterior",160,160,"complete",""
"baseline-posterior",161,161,"complete",""
"baseline-posterior",162,162,"complete",""
"baseline-posterior",163,163,"complete",""
"baseline-posterior",164,164,"complete",""
"baseline-posterior",165,165,"complete",""
"baseline-posterior",166,166,"complete",""
"baseline-posterior",167,167,"complete",""
"baseline-posterior",168,168,"complete",""
"baseline-posterior",169,169,"complete",""
"baseline-posterior",170,170,"complete",""
"baseline-posterior",171,171,"complete",""
"baseline-posterior",172,172,"complete",""
"baseline-posterior",173,173,"complete",""
"baseline-posterior",174,174,"complete",""
"baseline-posterior",175,175,"complete",""
"baseline-posterior",176,176,"complete",""
"baseline-posterior",177,177,"complete",""
"baseline-posterior",178,178,"complete",""
"baseline-posterior",179,179,"complete",""
"baseline-posterior",180,180,"complete",""
"baseline-posterior",181,181,"complete",""
"baseline-posterior",182,182,"complete",""
"baseline-posterior",183,183,"complete",""
"baseline-posterior",184,184,"complete",""
"baseline-posterior",185,185,"complete",""
"baseline-posterior",186,186,"complete",""
"baseline-posterior",187,187,"complete",""
"baseline-posterior",188,188,"complete",""
"baseline-posterior",189,189,"complete",""
"baseline-posterior",190,190,"complete",""
"baseline-posterior",191,191,"complete",""
"baseline-posterior",192,192,"complete",""
"baseline-posterior",193,193,"complete",""
"baseline-posterior",194,194,"complete",""
"baseline-posterior",195,195,"complete",""
"baseline-posterior",196,196,"complete",""
"baseline-posterior",197,197,"complete",""
"baseline-posterior",198,198,"complete",""
"baseline-posterior",199,199,"complete",""
"baseline-posterior",200,200,"complete",""
"baseline-posterior",201,201,"complete",""
"baseline-posterior",202,202,"complete",""
"baseline-posterior",203,203,"complete",""
"baseline-posterior",204,204,"complete",""
"baseline-posterior",205,205,"complete",""
"baseline-posterior",206,206,"complete",""
"baseline-posterior",207,207,"complete",""
"baseline-posterior",208,208,"complete",""
"baseline-posterior",209,209,"complete",""
"baseline-posterior",210,210,"complete",""
"baseline-posterior",211,211,"complete",""
"baseline-posterior",212,212,"complete",""
"baseline-posterior",213,213,"complete",""
"baseline-posterior",214,214,"complete",""
"baseline-posterior",215,215,"complete",""
"baseline-posterior",216,216,"complete",""
"baseline-posterior",217,217,"complete",""
"baseline-posterior",218,218,"complete",""
"baseline-posterior",219,219,"complete",""
"baseline-posterior",220,220,"complete",""
"baseline-posterior",221,221,"complete",""
"baseline-posterior",222,222,"complete",""
"baseline-posterior",223,223,"complete",""
"baseline-posterior",224,224,"complete",""
"baseline-posterior",225,225,"complete",""
"baseline-posterior",226,226,"complete",""
"baseline-posterior",227,227,"complete",""
"baseline-posterior",228,228,"complete",""
"baseline-posterior",229,229,"complete",""
"baseline-posterior",230,230,"complete",""
"baseline-posterior",231,231,"complete",""
"baseline-posterior",232,232,"complete",""
"baseline-posterior",233,233,"complete",""
"baseline-posterior",234,234,"complete",""
"baseline-posterior",235,235,"complete",""
"baseline-posterior",236,236,"complete",""
"baseline-posterior",237,237,"complete",""
"baseline-posterior",238,238,"complete",""
"baseline-posterior",239,239,"complete",""
"baseline-posterior",240,240,"complete",""
"baseline-posterior",241,241,"complete",""
"baseline-posterior",242,242,"complete",""
"baseline-posterior",243,243,"complete",""
"baseline-posterior",244,244,"complete",""
"baseline-posterior",245,245,"complete",""
"baseline-posterior",246,246,"complete",""
"baseline-posterior",247,247,"complete",""
"baseline-posterior",248,248,"complete",""
"baseline-posterior",249,249,"complete",""
"baseline-posterior",250,250,"complete",""
"baseline-posterior",251,251,"complete",""
"baseline-posterior",252,252,"complete",""
"baseline-posterior",253,253,"complete",""
"baseline-posterior",254,254,"complete",""
"baseline-posterior",255,255,"complete",""
"baseline-posterior",256,256,"complete",""
"baseline-posterior",257,257,"complete",""
"baseline-posterior",258,258,"complete",""
"baseline-posterior",259,259,"complete",""
"baseline-posterior",260,260,"complete",""
"baseline-posterior",261,261,"complete",""
"baseline-posterior",262,262,"complete",""
"baseline-posterior",263,263,"complete",""
"baseline-posterior",264,264,"complete",""
"baseline-posterior",265,265,"complete",""
"baseline-posterior",266,266,"complete",""
"baseline-posterior",267,267,"complete",""
"baseline-posterior",268,268,"complete",""
"baseline-posterior",269,269,"complete",""
"baseline-posterior",270,270,"complete",""
"baseline-posterior",271,271,"complete",""
"baseline-posterior",272,272,"complete",""
"baseline-posterior",273,273,"complete",""
"baseline-posterior",274,274,"complete",""
"baseline-posterior",275,275,"complete",""
"baseline-posterior",276,276,"complete",""
"baseline-posterior",277,277,"complete",""
"baseline-posterior",278,278,"complete",""
"baseline-posterior",279,279,"complete",""
"baseline-posterior",280,280,"complete",""
"baseline-posterior",281,281,"complete",""
"baseline-posterior",282,282,"complete",""
"baseline-posterior",283,283,"complete",""
"baseline-posterior",284,284,"complete",""
"baseline-posterior",285,285,"complete",""
"baseline-posterior",286,286,"complete",""
"baseline-posterior",287,287,"complete",""
"baseline-posterior",288,288,"complete",""
"baseline-posterior",289,289,"complete",""
"baseline-posterior",290,290,"complete",""
"baseline-posterior",291,291,"complete",""
"baseline-posterior",292,292,"complete",""
"baseline-posterior",293,293,"complete",""
"baseline-posterior",294,294,"complete",""
"baseline-posterior",295,295,"complete",""
"baseline-posterior",296,296,"complete",""
"baseline-posterior",297,297,"complete",""
"baseline-posterior",298,298,"complete",""
"baseline-posterior",299,299,"complete",""
"baseline-posterior",300,300,"complete",""
"baseline-posterior",301,301,"complete",""
"baseline-posterior",302,302,"complete",""
"baseline-posterior",303,303,"complete",""
"baseline-posterior",304,304,"complete",""
"baseline-posterior",305,305,"complete",""
"baseline-posterior",306,306,"complete",""
"baseline-posterior",307,307,"complete",""
"baseline-posterior",308,308,"complete",""
"baseline-posterior",309,309,"complete",""
"baseline-posterior",310,310,"complete",""
"baseline-posterior",311,311,"complete",""
"baseline-posterior",312,312,"complete",""
"baseline-posterior",313,313,"complete",""
"baseline-posterior",314,314,"complete",""
"baseline-posterior",315,315,"complete",""
"baseline-posterior",316,316,"complete",""
"baseline-posterior",317,317,"complete",""
"baseline-posterior",318,318,"complete",""
"baseline-posterior",319,319,"complete",""
"baseline-posterior",320,320,"complete",""
"baseline-posterior",321,321,"complete",""
"baseline-posterior",322,322,"complete",""
"baseline-posterior",323,323,"complete",""
"baseline-posterior",324,324,"complete",""
"baseline-posterior",325,325,"complete",""
"baseline-posterior",326,326,"complete",""
"baseline-posterior",327,327,"complete",""
"baseline-posterior",328,328,"complete",""
"baseline-posterior",329,329,"complete",""
"baseline-posterior",330,330,"complete",""
"baseline-posterior",331,331,"complete",""
"baseline-posterior",332,332,"complete",""
"baseline-posterior",333,333,"complete",""
"baseline-posterior",334,334,"complete",""
"baseline-posterior",335,335,"complete",""
"baseline-posterior",336,336,"complete",""
"baseline-posterior",337,337,"complete",""
"baseline-posterior",338,338,"complete",""
"baseline-posterior",339,339,"complete",""
"baseline-posterior",340,340,"complete",""
"baseline-posterior",341,341,"complete",""
"baseline-posterior",342,342,"complete",""
"baseline-posterior",343,343,"complete",""
"baseline-posterior",344,344,"complete",""
"baseline-posterior",345,345,"complete",""
"baseline-posterior",346,346,"complete",""
"baseline-posterior",347,347,"complete",""
"baseline-posterior",348,348,"complete",""
"baseline-posterior",349,349,"complete",""
"baseline-posterior",350,350,"complete",""
"baseline-posterior",351,351,"complete",""
"baseline-posterior",352,352,"complete",""
"baseline-posterior",353,353,"complete",""
"baseline-posterior",354,354,"complete",""
"baseline-posterior",355,355,"complete",""
"baseline-posterior",356,356,"complete",""
"baseline-posterior",357,357,"complete",""
"baseline-posterior",358,358,"complete",""
"baseline-posterior",359,359,"complete",""
"baseline-posterior",360,360,"complete",""
"baseline-posterior",361,361,"complete",""
"baseline-posterior",362,362,"complete",""
"baseline-posterior",363,363,"complete",""
"baseline-posterior",364,364,"complete",""
"baseline-posterior",365,365,"complete",""
"baseline-posterior",366,366,"complete",""
"baseline-posterior",367,367,"complete",""
"baseline-posterior",368,368,"complete",""
"baseline-posterior",369,369,"complete",""
"baseline-posterior",370,370,"complete",""
"baseline-posterior",371,371,"complete",""
"baseline-posterior",372,372,"complete",""
"baseline-posterior",373,373,"complete",""
"baseline-posterior",374,374,"complete",""
"baseline-posterior",375,375,"complete",""
"baseline-posterior",376,376,"complete",""
"baseline-posterior",377,377,"complete",""
"baseline-posterior",378,378,"complete",""
"baseline-posterior",379,379,"complete",""
"baseline-posterior",380,380,"complete",""
"baseline-posterior",381,381,"complete",""
"baseline-posterior",382,382,"complete",""
"baseline-posterior",383,383,"complete",""
"baseline-posterior",384,384,"complete",""
"baseline-posterior",385,385,"complete",""
"baseline-posterior",386,386,"complete",""
"baseline-posterior",387,387,"complete",""
"baseline-posterior",388,388,"complete",""
"baseline-posterior",389,389,"complete",""
"baseline-posterior",390,390,"complete",""
"baseline-posterior",391,391,"complete",""
"baseline-posterior",392,392,"complete",""
"baseline-posterior",393,393,"complete",""
"baseline-posterior",394,394,"complete",""
"baseline-posterior",395,395,"complete",""
"baseline-posterior",396,396,"complete",""
"baseline-posterior",397,397,"complete",""
"baseline-posterior",398,398,"complete",""
"baseline-posterior",399,399,"complete",""
"baseline-posterior",400,400,"complete",""
"baseline-posterior",401,401,"complete",""
"baseline-posterior",402,402,"complete",""
"baseline-posterior",403,403,"complete",""
"baseline-posterior",404,404,"complete",""
"baseline-posterior",405,405,"complete",""
"baseline-posterior",406,406,"complete",""
"baseline-posterior",407,407,"complete",""
"baseline-posterior",408,408,"complete",""
"baseline-posterior",409,409,"complete",""
"baseline-posterior",410,410,"complete",""
"baseline-posterior",411,411,"complete",""
"baseline-posterior",412,412,"complete",""
"baseline-posterior",413,413,"complete",""
"baseline-posterior",414,414,"complete",""
"baseline-posterior",415,415,"complete",""
"baseline-posterior",416,416,"complete",""
"baseline-posterior",417,417,"complete",""
"baseline-posterior",418,418,"complete",""
"baseline-posterior",419,419,"complete",""
"baseline-posterior",420,420,"complete",""
"baseline-posterior",421,421,"complete",""
"baseline-posterior",422,422,"complete",""
"baseline-posterior",423,423,"complete",""
"baseline-posterior",424,424,"complete",""
"baseline-posterior",425,425,"complete",""
"baseline-posterior",426,426,"complete",""
"baseline-posterior",427,427,"complete",""
"baseline-posterior",428,428,"complete",""
"baseline-posterior",429,429,"complete",""
"baseline-posterior",430,430,"complete",""
"baseline-posterior",431,431,"complete",""
"baseline-posterior",432,432,"complete",""
"baseline-posterior",433,433,"complete",""
"baseline-posterior",434,434,"complete",""
"baseline-posterior",435,435,"complete",""
"baseline-posterior",436,436,"complete",""
"baseline-posterior",437,437,"complete",""
"baseline-posterior",438,438,"complete",""
"baseline-posterior",439,439,"complete",""
"baseline-posterior",440,440,"complete",""
"baseline-posterior",441,441,"complete",""
"baseline-posterior",442,442,"complete",""
"baseline-posterior",443,443,"complete",""
"baseline-posterior",444,444,"complete",""
"baseline-posterior",445,445,"complete",""
"baseline-posterior",446,446,"complete",""
"baseline-posterior",447,447,"complete",""
"baseline-posterior",448,448,"complete",""
"baseline-posterior",449,449,"complete",""
"baseline-posterior",450,450,"complete",""
"baseline-posterior",451,451,"complete",""
"baseline-posterior",452,452,"complete",""
"baseline-posterior",453,453,"complete",""
"baseline-posterior",454,454,"complete",""
"baseline-posterior",455,455,"complete",""
"baseline-posterior",456,456,"complete",""
"baseline-posterior",457,457,"complete",""
"baseline-posterior",458,458,"complete",""
"baseline-posterior",459,459,"complete",""
"baseline-posterior",460,460,"complete",""
"baseline-posterior",461,461,"complete",""
"baseline-posterior",462,462,"complete",""
"baseline-posterior",463,463,"complete",""
"baseline-posterior",464,464,"complete",""
"baseline-posterior",465,465,"complete",""
"baseline-posterior",466,466,"complete",""
"baseline-posterior",467,467,"complete",""
"baseline-posterior",468,468,"complete",""
"baseline-posterior",469,469,"complete",""
"baseline-posterior",470,470,"complete",""
"baseline-posterior",471,471,"complete",""
"baseline-posterior",472,472,"complete",""
"baseline-posterior",473,473,"complete",""
"baseline-posterior",474,474,"complete",""
"baseline-posterior",475,475,"complete",""
"baseline-posterior",476,476,"complete",""
"baseline-posterior",477,477,"complete",""
"baseline-posterior",478,478,"complete",""
"baseline-posterior",479,479,"complete",""
"baseline-posterior",480,480,"complete",""
"baseline-posterior",481,481,"complete",""
"baseline-posterior",482,482,"complete",""
"baseline-posterior",483,483,"complete",""
"baseline-posterior",484,484,"complete",""
"baseline-posterior",485,485,"complete",""
"baseline-posterior",486,486,"complete",""
"baseline-posterior",487,487,"complete",""
"baseline-posterior",488,488,"complete",""
"baseline-posterior",489,489,"complete",""
"baseline-posterior",490,490,"complete",""
"baseline-posterior",491,491,"complete",""
"baseline-posterior",492,492,"complete",""
"baseline-posterior",493,493,"complete",""
"baseline-posterior",494,494,"complete",""
"baseline-posterior",495,495,"complete",""
"baseline-posterior",496,496,"complete",""
"baseline-posterior",497,497,"complete",""
"baseline-posterior",498,498,"complete",""
"baseline-posterior",499,499,"complete",""
"baseline-posterior",500,500,"complete",""
"baseline-posterior",501,501,"complete",""
"baseline-posterior",502,502,"complete",""
"baseline-posterior",503,503,"complete",""
"baseline-posterior",504,504,"complete",""
"baseline-posterior",505,505,"complete",""
"baseline-posterior",506,506,"complete",""
"baseline-posterior",507,507,"complete",""
"baseline-posterior",508,508,"complete",""
"baseline-posterior",509,509,"complete",""
"baseline-posterior",510,510,"complete",""
"baseline-posterior",511,511,"complete",""
"baseline-posterior",512,512,"complete",""
"baseline-posterior",513,513,"complete",""
"baseline-posterior",514,514,"complete",""
"baseline-posterior",515,515,"complete",""
"baseline-posterior",516,516,"complete",""
"baseline-posterior",517,517,"complete",""
"baseline-posterior",518,518,"complete",""
"baseline-posterior",519,519,"complete",""
"baseline-posterior",520,520,"complete",""
"baseline-posterior",521,521,"complete",""
"baseline-posterior",522,522,"complete",""
"baseline-posterior",523,523,"complete",""
"baseline-posterior",524,524,"complete",""
"baseline-posterior",525,525,"complete",""
"baseline-posterior",526,526,"complete",""
"baseline-posterior",527,527,"complete",""
"baseline-posterior",528,528,"complete",""
"baseline-posterior",529,529,"complete",""
"baseline-posterior",530,530,"complete",""
"baseline-posterior",531,531,"complete",""
"baseline-posterior",532,532,"complete",""
"baseline-posterior",533,533,"complete",""
"baseline-posterior",534,534,"complete",""
"baseline-posterior",535,535,"complete",""
"baseline-posterior",536,536,"complete",""
"baseline-posterior",537,537,"complete",""
"baseline-posterior",538,538,"complete",""
"baseline-posterior",539,539,"complete",""
"baseline-posterior",540,540,"complete",""
"baseline-posterior",541,541,"complete",""
"baseline-posterior",542,542,"complete",""
"baseline-posterior",543,543,"complete",""
"baseline-posterior",544,544,"complete",""
"baseline-posterior",545,545,"complete",""
"baseline-posterior",546,546,"complete",""
"baseline-posterior",547,547,"complete",""
"baseline-posterior",548,548,"complete",""
"baseline-posterior",549,549,"complete",""
"baseline-posterior",550,550,"complete",""
"baseline-posterior",551,551,"complete",""
"baseline-posterior",552,552,"complete",""
"baseline-posterior",553,553,"complete",""
"baseline-posterior",554,554,"complete",""
"baseline-posterior",555,555,"complete",""
"baseline-posterior",556,556,"complete",""
"baseline-posterior",557,557,"complete",""
"baseline-posterior",558,558,"complete",""
"baseline-posterior",559,559,"complete",""
"baseline-posterior",560,560,"complete",""
"baseline-posterior",561,561,"complete",""
"baseline-posterior",562,562,"complete",""
"baseline-posterior",563,563,"complete",""
"baseline-posterior",564,564,"complete",""
"baseline-posterior",565,565,"complete",""
"baseline-posterior",566,566,"complete",""
"baseline-posterior",567,567,"complete",""
"baseline-posterior",568,568,"complete",""
"baseline-posterior",569,569,"complete",""
"baseline-posterior",570,570,"complete",""
"baseline-posterior",571,571,"complete",""
"baseline-posterior",572,572,"complete",""
"baseline-posterior",573,573,"complete",""
"baseline-posterior",574,574,"complete",""
"baseline-posterior",575,575,"complete",""
"baseline-posterior",576,576,"complete",""
"baseline-posterior",577,577,"complete",""
"baseline-posterior",578,578,"complete",""
"baseline-posterior",579,579,"complete",""
"baseline-posterior",580,580,"complete",""
"baseline-posterior",581,581,"complete",""
"baseline-posterior",582,582,"complete",""
"baseline-posterior",583,583,"complete",""
"baseline-posterior",584,584,"complete",""
"baseline-posterior",585,585,"complete",""
"baseline-posterior",586,586,"complete",""
"baseline-posterior",587,587,"complete",""
"baseline-posterior",588,588,"complete",""
"baseline-posterior",589,589,"complete",""
"baseline-posterior",590,590,"complete",""
"baseline-posterior",591,591,"complete",""
"baseline-posterior",592,592,"complete",""
"baseline-posterior",593,593,"complete",""
"baseline-posterior",594,594,"complete",""
"baseline-posterior",595,595,"complete",""
"baseline-posterior",596,596,"complete",""
"baseline-posterior",597,597,"complete",""
"baseline-posterior",598,598,"complete",""
"baseline-posterior",599,599,"complete",""
"baseline-posterior",600,600,"complete",""
"baseline-posterior",601,601,"complete",""
"baseline-posterior",602,602,"complete",""
"baseline-posterior",603,603,"complete",""
"baseline-posterior",604,604,"complete",""
"baseline-posterior",605,605,"complete",""
"baseline-posterior",606,606,"complete",""
"baseline-posterior",607,607,"complete",""
"baseline-posterior",608,608,"complete",""
"baseline-posterior",609,609,"complete",""
"baseline-posterior",610,610,"complete",""
"baseline-posterior",611,611,"complete",""
"baseline-posterior",612,612,"complete",""
"baseline-posterior",613,613,"complete",""
"baseline-posterior",614,614,"complete",""
"baseline-posterior",615,615,"complete",""
"baseline-posterior",616,616,"complete",""
"baseline-posterior",617,617,"complete",""
"baseline-posterior",618,618,"complete",""
"baseline-posterior",619,619,"complete",""
"baseline-posterior",620,620,"complete",""
"baseline-posterior",621,621,"complete",""
"baseline-posterior",622,622,"complete",""
"baseline-posterior",623,623,"complete",""
"baseline-posterior",624,624,"complete",""
"baseline-posterior",625,625,"complete",""
"baseline-posterior",626,626,"complete",""
"baseline-posterior",627,627,"complete",""
"baseline-posterior",628,628,"complete",""
"baseline-posterior",629,629,"complete",""
"baseline-posterior",630,630,"complete",""
"baseline-posterior",631,631,"complete",""
"baseline-posterior",632,632,"complete",""
"baseline-posterior",633,633,"complete",""
"baseline-posterior",634,634,"complete",""
"baseline-posterior",635,635,"complete",""
"baseline-posterior",636,636,"complete",""
"baseline-posterior",637,637,"complete",""
"baseline-posterior",638,638,"complete",""
"baseline-posterior",639,639,"complete",""
"baseline-posterior",640,640,"complete",""
"baseline-posterior",641,641,"complete",""
"baseline-posterior",642,642,"complete",""
"baseline-posterior",643,643,"complete",""
"baseline-posterior",644,644,"complete",""
"baseline-posterior",645,645,"complete",""
"baseline-posterior",646,646,"complete",""
"baseline-posterior",647,647,"complete",""
"baseline-posterior",648,648,"complete",""
"baseline-posterior",649,649,"complete",""
"baseline-posterior",650,650,"complete",""
"baseline-posterior",651,651,"complete",""
"baseline-posterior",652,652,"complete",""
"baseline-posterior",653,653,"complete",""
"baseline-posterior",654,654,"complete",""
"baseline-posterior",655,655,"complete",""
"baseline-posterior",656,656,"complete",""
"baseline-posterior",657,657,"complete",""
"baseline-posterior",658,658,"complete",""
"baseline-posterior",659,659,"complete",""
"baseline-posterior",660,660,"complete",""
"baseline-posterior",661,661,"complete",""
"baseline-posterior",662,662,"complete",""
"baseline-posterior",663,663,"complete",""
"baseline-posterior",664,664,"complete",""
"baseline-posterior",665,665,"complete",""
"baseline-posterior",666,666,"complete",""
"baseline-posterior",667,667,"complete",""
"baseline-posterior",668,668,"complete",""
"baseline-posterior",669,669,"complete",""
"baseline-posterior",670,670,"complete",""
"baseline-posterior",671,671,"complete",""
"baseline-posterior",672,672,"complete",""
"baseline-posterior",673,673,"complete",""
"baseline-posterior",674,674,"complete",""
"baseline-posterior",675,675,"complete",""
"baseline-posterior",676,676,"complete",""
"baseline-posterior",677,677,"complete",""
"baseline-posterior",678,678,"complete",""
"baseline-posterior",679,679,"complete",""
"baseline-posterior",680,680,"complete",""
"baseline-posterior",681,681,"complete",""
"baseline-posterior",682,682,"complete",""
"baseline-posterior",683,683,"complete",""
"baseline-posterior",684,684,"complete",""
"baseline-posterior",685,685,"complete",""
"baseline-posterior",686,686,"complete",""
"baseline-posterior",687,687,"complete",""
"baseline-posterior",688,688,"complete",""
"baseline-posterior",689,689,"complete",""
"baseline-posterior",690,690,"complete",""
"baseline-posterior",691,691,"complete",""
"baseline-posterior",692,692,"complete",""
"baseline-posterior",693,693,"complete",""
"baseline-posterior",694,694,"complete",""
"baseline-posterior",695,695,"complete",""
"baseline-posterior",696,696,"complete",""
"baseline-posterior",697,697,"complete",""
"baseline-posterior",698,698,"complete",""
"baseline-posterior",699,699,"complete",""
"baseline-posterior",700,700,"complete",""
"baseline-posterior",701,701,"complete",""
"baseline-posterior",702,702,"complete",""
"baseline-posterior",703,703,"complete",""
"baseline-posterior",704,704,"complete",""
"baseline-posterior",705,705,"complete",""
"baseline-posterior",706,706,"complete",""
"baseline-posterior",707,707,"complete",""
"baseline-posterior",708,708,"complete",""
"baseline-posterior",709,709,"complete",""
"baseline-posterior",710,710,"complete",""
"baseline-posterior",711,711,"complete",""
"baseline-posterior",712,712,"complete",""
"baseline-posterior",713,713,"complete",""
"baseline-posterior",714,714,"complete",""
"baseline-posterior",715,715,"complete",""
"baseline-posterior",716,716,"complete",""
"baseline-posterior",717,717,"complete",""
"baseline-posterior",718,718,"complete",""
"baseline-posterior",719,719,"complete",""
"baseline-posterior",720,720,"complete",""
"baseline-posterior",721,721,"complete",""
"baseline-posterior",722,722,"complete",""
"baseline-posterior",723,723,"complete",""
"baseline-posterior",724,724,"complete",""
"baseline-posterior",725,725,"complete",""
"baseline-posterior",726,726,"complete",""
"baseline-posterior",727,727,"complete",""
"baseline-posterior",728,728,"complete",""
"baseline-posterior",729,729,"complete",""
"baseline-posterior",730,730,"complete",""
"baseline-posterior",731,731,"complete",""
"baseline-posterior",732,732,"complete",""
"baseline-posterior",733,733,"complete",""
"baseline-posterior",734,734,"complete",""
"baseline-posterior",735,735,"complete",""
"baseline-posterior",736,736,"complete",""
"baseline-posterior",737,737,"complete",""
"baseline-posterior",738,738,"complete",""
"baseline-posterior",739,739,"complete",""
"baseline-posterior",740,740,"complete",""
"baseline-posterior",741,741,"complete",""
"baseline-posterior",742,742,"complete",""
"baseline-posterior",743,743,"complete",""
"baseline-posterior",744,744,"complete",""
"baseline-posterior",745,745,"complete",""
"baseline-posterior",746,746,"complete",""
"baseline-posterior",747,747,"complete",""
"baseline-posterior",748,748,"complete",""
"baseline-posterior",749,749,"complete",""
"baseline-posterior",750,750,"complete",""
"baseline-posterior",751,751,"complete",""
"baseline-posterior",752,752,"complete",""
"baseline-posterior",753,753,"complete",""
"baseline-posterior",754,754,"complete",""
"baseline-posterior",755,755,"complete",""
"baseline-posterior",756,756,"complete",""
"baseline-posterior",757,757,"complete",""
"baseline-posterior",758,758,"complete",""
"baseline-posterior",759,759,"complete",""
"baseline-posterior",760,760,"complete",""
"baseline-posterior",761,761,"complete",""
"baseline-posterior",762,762,"complete",""
"baseline-posterior",763,763,"complete",""
"baseline-posterior",764,764,"complete",""
"baseline-posterior",765,765,"complete",""
"baseline-posterior",766,766,"complete",""
"baseline-posterior",767,767,"complete",""
"baseline-posterior",768,768,"complete",""
"baseline-posterior",769,769,"complete",""
"baseline-posterior",770,770,"complete",""
"baseline-posterior",771,771,"complete",""
"baseline-posterior",772,772,"complete",""
"baseline-posterior",773,773,"complete",""
"baseline-posterior",774,774,"complete",""
"baseline-posterior",775,775,"complete",""
"baseline-posterior",776,776,"complete",""
"baseline-posterior",777,777,"complete",""
"baseline-posterior",778,778,"complete",""
"baseline-posterior",779,779,"complete",""
"baseline-posterior",780,780,"complete",""
"baseline-posterior",781,781,"complete",""
"baseline-posterior",782,782,"complete",""
"baseline-posterior",783,783,"complete",""
"baseline-posterior",784,784,"complete",""
"baseline-posterior",785,785,"complete",""
"baseline-posterior",786,786,"complete",""
"baseline-posterior",787,787,"complete",""
"baseline-posterior",788,788,"complete",""
"baseline-posterior",789,789,"complete",""
"baseline-posterior",790,790,"complete",""
"baseline-posterior",791,791,"complete",""
"baseline-posterior",792,792,"complete",""
"baseline-posterior",793,793,"complete",""
"baseline-posterior",794,794,"complete",""
"baseline-posterior",795,795,"complete",""
"baseline-posterior",796,796,"complete",""
"baseline-posterior",797,797,"complete",""
"baseline-posterior",798,798,"complete",""
"baseline-posterior",799,799,"complete",""
"baseline-posterior",800,800,"complete",""
"baseline-posterior",801,801,"complete",""
"baseline-posterior",802,802,"complete",""
"baseline-posterior",803,803,"complete",""
"baseline-posterior",804,804,"complete",""
"baseline-posterior",805,805,"complete",""
"baseline-posterior",806,806,"complete",""
"baseline-posterior",807,807,"complete",""
"baseline-posterior",808,808,"complete",""
"baseline-posterior",809,809,"complete",""
"baseline-posterior",810,810,"complete",""
"baseline-posterior",811,811,"complete",""
"baseline-posterior",812,812,"complete",""
"baseline-posterior",813,813,"complete",""
"baseline-posterior",814,814,"complete",""
"baseline-posterior",815,815,"complete",""
"baseline-posterior",816,816,"complete",""
"baseline-posterior",817,817,"complete",""
"baseline-posterior",818,818,"complete",""
"baseline-posterior",819,819,"complete",""
"baseline-posterior",820,820,"complete",""
"baseline-posterior",821,821,"complete",""
"baseline-posterior",822,822,"complete",""
"baseline-posterior",823,823,"complete",""
"baseline-posterior",824,824,"complete",""
"baseline-posterior",825,825,"complete",""
"baseline-posterior",826,826,"complete",""
"baseline-posterior",827,827,"complete",""
"baseline-posterior",828,828,"complete",""
"baseline-posterior",829,829,"complete",""
"baseline-posterior",830,830,"complete",""
"baseline-posterior",831,831,"complete",""
"baseline-posterior",832,832,"complete",""
"baseline-posterior",833,833,"complete",""
"baseline-posterior",834,834,"complete",""
"baseline-posterior",835,835,"complete",""
"baseline-posterior",836,836,"complete",""
"baseline-posterior",837,837,"complete",""
"baseline-posterior",838,838,"complete",""
"baseline-posterior",839,839,"complete",""
"baseline-posterior",840,840,"complete",""
"baseline-posterior",841,841,"complete",""
"baseline-posterior",842,842,"complete",""
"baseline-posterior",843,843,"complete",""
"baseline-posterior",844,844,"complete",""
"baseline-posterior",845,845,"complete",""
"baseline-posterior",846,846,"complete",""
"baseline-posterior",847,847,"complete",""
"baseline-posterior",848,848,"complete",""
"baseline-posterior",849,849,"complete",""
"baseline-posterior",850,850,"complete",""
"baseline-posterior",851,851,"complete",""
"baseline-posterior",852,852,"complete",""
"baseline-posterior",853,853,"complete",""
"baseline-posterior",854,854,"complete",""
"baseline-posterior",855,855,"complete",""
"baseline-posterior",856,856,"complete",""
"baseline-posterior",857,857,"complete",""
"baseline-posterior",858,858,"complete",""
"baseline-posterior",859,859,"complete",""
"baseline-posterior",860,860,"complete",""
"baseline-posterior",861,861,"complete",""
"baseline-posterior",862,862,"complete",""
"baseline-posterior",863,863,"complete",""
"baseline-posterior",864,864,"complete",""
"baseline-posterior",865,865,"complete",""
"baseline-posterior",866,866,"complete",""
"baseline-posterior",867,867,"complete",""
"baseline-posterior",868,868,"complete",""
"baseline-posterior",869,869,"complete",""
"baseline-posterior",870,870,"complete",""
"baseline-posterior",871,871,"complete",""
"baseline-posterior",872,872,"complete",""
"baseline-posterior",873,873,"complete",""
"baseline-posterior",874,874,"complete",""
"baseline-posterior",875,875,"complete",""
"baseline-posterior",876,876,"complete",""
"baseline-posterior",877,877,"complete",""
"baseline-posterior",878,878,"complete",""
"baseline-posterior",879,879,"complete",""
"baseline-posterior",880,880,"complete",""
"baseline-posterior",881,881,"complete",""
"baseline-posterior",882,882,"complete",""
"baseline-posterior",883,883,"complete",""
"baseline-posterior",884,884,"complete",""
"baseline-posterior",885,885,"complete",""
"baseline-posterior",886,886,"complete",""
"baseline-posterior",887,887,"complete",""
"baseline-posterior",888,888,"complete",""
"baseline-posterior",889,889,"complete",""
"baseline-posterior",890,890,"complete",""
"baseline-posterior",891,891,"complete",""
"baseline-posterior",892,892,"complete",""
"baseline-posterior",893,893,"complete",""
"baseline-posterior",894,894,"complete",""
"baseline-posterior",895,895,"complete",""
"baseline-posterior",896,896,"complete",""
"baseline-posterior",897,897,"complete",""
"baseline-posterior",898,898,"complete",""
"baseline-posterior",899,899,"complete",""
"baseline-posterior",900,900,"complete",""
"baseline-posterior",901,901,"complete",""
"baseline-posterior",902,902,"complete",""
"baseline-posterior",903,903,"complete",""
"baseline-posterior",904,904,"complete",""
"baseline-posterior",905,905,"complete",""
"baseline-posterior",906,906,"complete",""
"baseline-posterior",907,907,"complete",""
"baseline-posterior",908,908,"complete",""
"baseline-posterior",909,909,"complete",""
"baseline-posterior",910,910,"complete",""
"baseline-posterior",911,911,"complete",""
"baseline-posterior",912,912,"complete",""
"baseline-posterior",913,913,"complete",""
"baseline-posterior",914,914,"complete",""
"baseline-posterior",915,915,"complete",""
"baseline-posterior",916,916,"complete",""
"baseline-posterior",917,917,"complete",""
"baseline-posterior",918,918,"complete",""
"baseline-posterior",919,919,"complete",""
"baseline-posterior",920,920,"complete",""
"baseline-posterior",921,921,"complete",""
"baseline-posterior",922,922,"complete",""
"baseline-posterior",923,923,"complete",""
"baseline-posterior",924,924,"complete",""
"baseline-posterior",925,925,"complete",""
"baseline-posterior",926,926,"complete",""
"baseline-posterior",927,927,"complete",""
"baseline-posterior",928,928,"complete",""
"baseline-posterior",929,929,"complete",""
"baseline-posterior",930,930,"complete",""
"baseline-posterior",931,931,"complete",""
"baseline-posterior",932,932,"complete",""
"baseline-posterior",933,933,"complete",""
"baseline-posterior",934,934,"complete",""
"baseline-posterior",935,935,"complete",""
"baseline-posterior",936,936,"complete",""
"baseline-posterior",937,937,"complete",""
"baseline-posterior",938,938,"complete",""
"baseline-posterior",939,939,"complete",""
"baseline-posterior",940,940,"complete",""
"baseline-posterior",941,941,"complete",""
"baseline-posterior",942,942,"complete",""
"baseline-posterior",943,943,"complete",""
"baseline-posterior",944,944,"complete",""
"baseline-posterior",945,945,"complete",""
"baseline-posterior",946,946,"complete",""
"baseline-posterior",947,947,"complete",""
"baseline-posterior",948,948,"complete",""
"baseline-posterior",949,949,"complete",""
"baseline-posterior",950,950,"complete",""
"baseline-posterior",951,951,"complete",""
"baseline-posterior",952,952,"complete",""
"baseline-posterior",953,953,"complete",""
"baseline-posterior",954,954,"complete",""
"baseline-posterior",955,955,"complete",""
"baseline-posterior",956,956,"complete",""
"baseline-posterior",957,957,"complete",""
"baseline-posterior",958,958,"complete",""
"baseline-posterior",959,959,"complete",""
"baseline-posterior",960,960,"complete",""
"baseline-posterior",961,961,"complete",""
"baseline-posterior",962,962,"complete",""
"baseline-posterior",963,963,"complete",""
"baseline-posterior",964,964,"complete",""
"baseline-posterior",965,965,"complete",""
"baseline-posterior",966,966,"complete",""
"baseline-posterior",967,967,"complete",""
"baseline-posterior",968,968,"complete",""
"baseline-posterior",969,969,"complete",""
"baseline-posterior",970,970,"complete",""
"baseline-posterior",971,971,"complete",""
"baseline-posterior",972,972,"complete",""
"baseline-posterior",973,973,"complete",""
"baseline-posterior",974,974,"complete",""
"baseline-posterior",975,975,"complete",""
"baseline-posterior",976,976,"complete",""
"baseline-posterior",977,977,"complete",""
"baseline-posterior",978,978,"complete",""
"baseline-posterior",979,979,"complete",""
"baseline-posterior",980,980,"complete",""
"baseline-posterior",981,981,"complete",""
"baseline-posterior",982,982,"complete",""
"baseline-posterior",983,983,"complete",""
"baseline-posterior",984,984,"complete",""
"baseline-posterior",985,985,"complete",""
"baseline-posterior",986,986,"complete",""
"baseline-posterior",987,987,"complete",""
"baseline-posterior",988,988,"complete",""
"baseline-posterior",989,989,"complete",""
"baseline-posterior",990,990,"complete",""
"baseline-posterior",991,991,"complete",""
"baseline-posterior",992,992,"complete",""
"baseline-posterior",993,993,"complete",""
"baseline-posterior",994,994,"complete",""
"baseline-posterior",995,995,"complete",""
"baseline-posterior",996,996,"complete",""
"baseline-posterior",997,997,"complete",""
"baseline-posterior",998,998,"complete",""
"baseline-posterior",999,999,"complete",""
"baseline-posterior",1000,1000,"complete",""
"baseline-posterior",1001,1001,"complete",""
"baseline-posterior",1002,1002,"complete",""
"baseline-posterior",1003,1003,"complete",""
"baseline-posterior",1004,1004,"complete",""
"baseline-posterior",1005,1005,"complete",""
"baseline-posterior",1006,1006,"complete",""
"baseline-posterior",1007,1007,"complete",""
"baseline-posterior",1008,1008,"complete",""
"baseline-posterior",1009,1009,"complete",""
"baseline-posterior",1010,1010,"complete",""
"baseline-posterior",1011,1011,"complete",""
"baseline-posterior",1012,1012,"complete",""
"baseline-posterior",1013,1013,"complete",""
"baseline-posterior",1014,1014,"complete",""
"baseline-posterior",1015,1015,"complete",""
"baseline-posterior",1016,1016,"complete",""
"baseline-posterior",1017,1017,"complete",""
"baseline-posterior",1018,1018,"complete",""
"baseline-posterior",1019,1019,"complete",""
"baseline-posterior",1020,1020,"complete",""
"baseline-posterior",1021,1021,"complete",""
"baseline-posterior",1022,1022,"complete",""
"baseline-posterior",1023,1023,"complete",""
"baseline-posterior",1024,1024,"complete",""
"baseline-posterior",1025,1025,"complete",""
"baseline-posterior",1026,1026,"complete",""
"baseline-posterior",1027,1027,"complete",""
"baseline-posterior",1028,1028,"complete",""
"baseline-posterior",1029,1029,"complete",""
"baseline-posterior",1030,1030,"complete",""
"baseline-posterior",1031,1031,"complete",""
"baseline-posterior",1032,1032,"complete",""
"baseline-posterior",1033,1033,"complete",""
"baseline-posterior",1034,1034,"complete",""
"baseline-posterior",1035,1035,"complete",""
"baseline-posterior",1036,1036,"complete",""
"baseline-posterior",1037,1037,"complete",""
"baseline-posterior",1038,1038,"complete",""
"baseline-posterior",1039,1039,"complete",""
"baseline-posterior",1040,1040,"complete",""
"baseline-posterior",1041,1041,"complete",""
"baseline-posterior",1042,1042,"complete",""
"baseline-posterior",1043,1043,"complete",""
"baseline-posterior",1044,1044,"complete",""
"baseline-posterior",1045,1045,"complete",""
"baseline-posterior",1046,1046,"complete",""
"baseline-posterior",1047,1047,"complete",""
"baseline-posterior",1048,1048,"complete",""
"baseline-posterior",1049,1049,"complete",""
"baseline-posterior",1050,1050,"complete",""
"baseline-posterior",1051,1051,"complete",""
"baseline-posterior",1052,1052,"complete",""
"baseline-posterior",1053,1053,"complete",""
"baseline-posterior",1054,1054,"complete",""
"baseline-posterior",1055,1055,"complete",""
"baseline-posterior",1056,1056,"complete",""
"baseline-posterior",1057,1057,"complete",""
"baseline-posterior",1058,1058,"complete",""
"baseline-posterior",1059,1059,"complete",""
"baseline-posterior",1060,1060,"complete",""
"baseline-posterior",1061,1061,"complete",""
"baseline-posterior",1062,1062,"complete",""
"baseline-posterior",1063,1063,"complete",""
"baseline-posterior",1064,1064,"complete",""
"baseline-posterior",1065,1065,"complete",""
"baseline-posterior",1066,1066,"complete",""
"baseline-posterior",1067,1067,"complete",""
"baseline-posterior",1068,1068,"complete",""
"baseline-posterior",1069,1069,"complete",""
"baseline-posterior",1070,1070,"complete",""
"baseline-posterior",1071,1071,"complete",""
"baseline-posterior",1072,1072,"complete",""
"baseline-posterior",1073,1073,"complete",""
"baseline-posterior",1074,1074,"complete",""
"baseline-posterior",1075,1075,"complete",""
"baseline-posterior",1076,1076,"complete",""
"baseline-posterior",1077,1077,"complete",""
"baseline-posterior",1078,1078,"complete",""
"baseline-posterior",1079,1079,"complete",""
"baseline-posterior",1080,1080,"complete",""
"baseline-posterior",1081,1081,"complete",""
"baseline-posterior",1082,1082,"complete",""
"baseline-posterior",1083,1083,"complete",""
"baseline-posterior",1084,1084,"complete",""
"baseline-posterior",1085,1085,"complete",""
"baseline-posterior",1086,1086,"complete",""
"baseline-posterior",1087,1087,"complete",""
"baseline-posterior",1088,1088,"complete",""
"baseline-posterior",1089,1089,"complete",""
"baseline-posterior",1090,1090,"complete",""
"baseline-posterior",1091,1091,"complete",""
"baseline-posterior",1092,1092,"complete",""
"baseline-posterior",1093,1093,"complete",""
"baseline-posterior",1094,1094,"complete",""
"baseline-posterior",1095,1095,"complete",""
"baseline-posterior",1096,1096,"complete",""
"baseline-posterior",1097,1097,"complete",""
"baseline-posterior",1098,1098,"complete",""
"baseline-posterior",1099,1099,"complete",""
"baseline-posterior",1100,1100,"complete",""
"baseline-posterior",1101,1101,"complete",""
"baseline-posterior",1102,1102,"complete",""
"baseline-posterior",1103,1103,"complete",""
"baseline-posterior",1104,1104,"complete",""
"baseline-posterior",1105,1105,"complete",""
"baseline-posterior",1106,1106,"complete",""
"baseline-posterior",1107,1107,"complete",""
"baseline-posterior",1108,1108,"complete",""
"baseline-posterior",1109,1109,"complete",""
"baseline-posterior",1110,1110,"complete",""
"baseline-posterior",1111,1111,"complete",""
"baseline-posterior",1112,1112,"complete",""
"baseline-posterior",1113,1113,"complete",""
"baseline-posterior",1114,1114,"complete",""
"baseline-posterior",1115,1115,"complete",""
"baseline-posterior",1116,1116,"complete",""
"baseline-posterior",1117,1117,"complete",""
"baseline-posterior",1118,1118,"complete",""
"baseline-posterior",1119,1119,"complete",""
"baseline-posterior",1120,1120,"complete",""
"baseline-posterior",1121,1121,"complete",""
"baseline-posterior",1122,1122,"complete",""
"baseline-posterior",1123,1123,"complete",""
"baseline-posterior",1124,1124,"complete",""
"baseline-posterior",1125,1125,"complete",""
"baseline-posterior",1126,1126,"complete",""
"baseline-posterior",1127,1127,"complete",""
"baseline-posterior",1128,1128,"complete",""
"baseline-posterior",1129,1129,"complete",""
"baseline-posterior",1130,1130,"complete",""
"baseline-posterior",1131,1131,"complete",""
"baseline-posterior",1132,1132,"complete",""
"baseline-posterior",1133,1133,"complete",""
"baseline-posterior",1134,1134,"complete",""
"baseline-posterior",1135,1135,"complete",""
"baseline-posterior",1136,1136,"complete",""
"baseline-posterior",1137,1137,"complete",""
"baseline-posterior",1138,1138,"complete",""
"baseline-posterior",1139,1139,"complete",""
"baseline-posterior",1140,1140,"complete",""
"baseline-posterior",1141,1141,"complete",""
"baseline-posterior",1142,1142,"complete",""
"baseline-posterior",1143,1143,"complete",""
"baseline-posterior",1144,1144,"complete",""
"baseline-posterior",1145,1145,"complete",""
"baseline-posterior",1146,1146,"complete",""
"baseline-posterior",1147,1147,"complete",""
"baseline-posterior",1148,1148,"complete",""
"baseline-posterior",1149,1149,"complete",""
"baseline-posterior",1150,1150,"complete",""
"baseline-posterior",1151,1151,"complete",""
"baseline-posterior",1152,1152,"complete",""
"baseline-posterior",1153,1153,"complete",""
"baseline-posterior",1154,1154,"complete",""
"baseline-posterior",1155,1155,"complete",""
"baseline-posterior",1156,1156,"complete",""
"baseline-posterior",1157,1157,"complete",""
"baseline-posterior",1158,1158,"complete",""
"baseline-posterior",1159,1159,"complete",""
"baseline-posterior",1160,1160,"complete",""
"baseline-posterior",1161,1161,"complete",""
"baseline-posterior",1162,1162,"complete",""
"baseline-posterior",1163,1163,"complete",""
"baseline-posterior",1164,1164,"complete",""
"baseline-posterior",1165,1165,"complete",""
"baseline-posterior",1166,1166,"complete",""
"baseline-posterior",1167,1167,"complete",""
"baseline-posterior",1168,1168,"complete",""
"baseline-posterior",1169,1169,"complete",""
"baseline-posterior",1170,1170,"complete",""
"baseline-posterior",1171,1171,"complete",""
"baseline-posterior",1172,1172,"complete",""
"baseline-posterior",1173,1173,"complete",""
"baseline-posterior",1174,1174,"complete",""
"baseline-posterior",1175,1175,"complete",""
"baseline-posterior",1176,1176,"complete",""
"baseline-posterior",1177,1177,"complete",""
"baseline-posterior",1178,1178,"complete",""
"baseline-posterior",1179,1179,"complete",""
"baseline-posterior",1180,1180,"complete",""
"baseline-posterior",1181,1181,"complete",""
"baseline-posterior",1182,1182,"complete",""
"baseline-posterior",1183,1183,"complete",""
"baseline-posterior",1184,1184,"complete",""
"baseline-posterior",1185,1185,"complete",""
"baseline-posterior",1186,1186,"complete",""
"baseline-posterior",1187,1187,"complete",""
"baseline-posterior",1188,1188,"complete",""
"baseline-posterior",1189,1189,"complete",""
"baseline-posterior",1190,1190,"complete",""
"baseline-posterior",1191,1191,"complete",""
"baseline-posterior",1192,1192,"complete",""
"baseline-posterior",1193,1193,"complete",""
"baseline-posterior",1194,1194,"complete",""
"baseline-posterior",1195,1195,"complete",""
"baseline-posterior",1196,1196,"complete",""
"baseline-posterior",1197,1197,"complete",""
"baseline-posterior",1198,1198,"complete",""
"baseline-posterior",1199,1199,"complete",""
"baseline-posterior",1200,1200,"complete",""
"baseline-posterior",1201,1201,"complete",""
"baseline-posterior",1202,1202,"complete",""
"baseline-posterior",1203,1203,"complete",""
"baseline-posterior",1204,1204,"complete",""
"baseline-posterior",1205,1205,"complete",""
"baseline-posterior",1206,1206,"complete",""
"baseline-posterior",1207,1207,"complete",""
"baseline-posterior",1208,1208,"complete",""
"baseline-posterior",1209,1209,"complete",""
"baseline-posterior",1210,1210,"complete",""
"baseline-posterior",1211,1211,"complete",""
"baseline-posterior",1212,1212,"complete",""
"baseline-posterior",1213,1213,"complete",""
"baseline-posterior",1214,1214,"complete",""
"baseline-posterior",1215,1215,"complete",""
"baseline-posterior",1216,1216,"complete",""
"baseline-posterior",1217,1217,"complete",""
"baseline-posterior",1218,1218,"complete",""
"baseline-posterior",1219,1219,"complete",""
"baseline-posterior",1220,1220,"complete",""
"baseline-posterior",1221,1221,"complete",""
"baseline-posterior",1222,1222,"complete",""
"baseline-posterior",1223,1223,"complete",""
"baseline-posterior",1224,1224,"complete",""
"baseline-posterior",1225,1225,"complete",""
"baseline-posterior",1226,1226,"complete",""
"baseline-posterior",1227,1227,"complete",""
"baseline-posterior",1228,1228,"complete",""
"baseline-posterior",1229,1229,"complete",""
"baseline-posterior",1230,1230,"complete",""
"baseline-posterior",1231,1231,"complete",""
"baseline-posterior",1232,1232,"complete",""
"baseline-posterior",1233,1233,"complete",""
"baseline-posterior",1234,1234,"complete",""
"baseline-posterior",1235,1235,"complete",""
"baseline-posterior",1236,1236,"complete",""
"baseline-posterior",1237,1237,"complete",""
"baseline-posterior",1238,1238,"complete",""
"baseline-posterior",1239,1239,"complete",""
"baseline-posterior",1240,1240,"complete",""
"baseline-posterior",1241,1241,"complete",""
"baseline-posterior",1242,1242,"complete",""
"baseline-posterior",1243,1243,"complete",""
"baseline-posterior",1244,1244,"complete",""
"baseline-posterior",1245,1245,"complete",""
"baseline-posterior",1246,1246,"complete",""
"baseline-posterior",1247,1247,"complete",""
"baseline-posterior",1248,1248,"complete",""
"baseline-posterior",1249,1249,"complete",""
"baseline-posterior",1250,1250,"complete",""
"baseline-posterior",1251,1251,"complete",""
"baseline-posterior",1252,1252,"complete",""
"baseline-posterior",1253,1253,"complete",""
"baseline-posterior",1254,1254,"complete",""
"baseline-posterior",1255,1255,"complete",""
"baseline-posterior",1256,1256,"complete",""
"baseline-posterior",1257,1257,"complete",""
"baseline-posterior",1258,1258,"complete",""
"baseline-posterior",1259,1259,"complete",""
"baseline-posterior",1260,1260,"complete",""
"baseline-posterior",1261,1261,"complete",""
"baseline-posterior",1262,1262,"complete",""
"baseline-posterior",1263,1263,"complete",""
"baseline-posterior",1264,1264,"complete",""
"baseline-posterior",1265,1265,"complete",""
"baseline-posterior",1266,1266,"complete",""
"baseline-posterior",1267,1267,"complete",""
"baseline-posterior",1268,1268,"complete",""
"baseline-posterior",1269,1269,"complete",""
"baseline-posterior",1270,1270,"complete",""
"baseline-posterior",1271,1271,"complete",""
"baseline-posterior",1272,1272,"complete",""
"baseline-posterior",1273,1273,"complete",""
"baseline-posterior",1274,1274,"complete",""
"baseline-posterior",1275,1275,"complete",""
"baseline-posterior",1276,1276,"complete",""
"baseline-posterior",1277,1277,"complete",""
"baseline-posterior",1278,1278,"complete",""
"baseline-posterior",1279,1279,"complete",""
"baseline-posterior",1280,1280,"complete",""
"baseline-posterior",1281,1281,"complete",""
"baseline-posterior",1282,1282,"complete",""
"baseline-posterior",1283,1283,"complete",""
"baseline-posterior",1284,1284,"complete",""
"baseline-posterior",1285,1285,"complete",""
"baseline-posterior",1286,1286,"complete",""
"baseline-posterior",1287,1287,"complete",""
"baseline-posterior",1288,1288,"complete",""
"baseline-posterior",1289,1289,"complete",""
"baseline-posterior",1290,1290,"complete",""
"baseline-posterior",1291,1291,"complete",""
"baseline-posterior",1292,1292,"complete",""
"baseline-posterior",1293,1293,"complete",""
"baseline-posterior",1294,1294,"complete",""
"baseline-posterior",1295,1295,"complete",""
"baseline-posterior",1296,1296,"complete",""
"baseline-posterior",1297,1297,"complete",""
"baseline-posterior",1298,1298,"complete",""
"baseline-posterior",1299,1299,"complete",""
"baseline-posterior",1300,1300,"complete",""
"baseline-posterior",1301,1301,"complete",""
"baseline-posterior",1302,1302,"complete",""
"baseline-posterior",1303,1303,"complete",""
"baseline-posterior",1304,1304,"complete",""
"baseline-posterior",1305,1305,"complete",""
"baseline-posterior",1306,1306,"complete",""
"baseline-posterior",1307,1307,"complete",""
"baseline-posterior",1308,1308,"complete",""
"baseline-posterior",1309,1309,"complete",""
"baseline-posterior",1310,1310,"complete",""
"baseline-posterior",1311,1311,"complete",""
"baseline-posterior",1312,1312,"complete",""
"baseline-posterior",1313,1313,"complete",""
"baseline-posterior",1314,1314,"complete",""
"baseline-posterior",1315,1315,"complete",""
"baseline-posterior",1316,1316,"complete",""
"baseline-posterior",1317,1317,"complete",""
"baseline-posterior",1318,1318,"complete",""
"baseline-posterior",1319,1319,"complete",""
"baseline-posterior",1320,1320,"complete",""
"baseline-posterior",1321,1321,"complete",""
"baseline-posterior",1322,1322,"complete",""
"baseline-posterior",1323,1323,"complete",""
"baseline-posterior",1324,1324,"complete",""
"baseline-posterior",1325,1325,"complete",""
"baseline-posterior",1326,1326,"complete",""
"baseline-posterior",1327,1327,"complete",""
"baseline-posterior",1328,1328,"complete",""
"baseline-posterior",1329,1329,"complete",""
"baseline-posterior",1330,1330,"complete",""
"baseline-posterior",1331,1331,"complete",""
"baseline-posterior",1332,1332,"complete",""
"baseline-posterior",1333,1333,"complete",""
"baseline-posterior",1334,1334,"complete",""
"baseline-posterior",1335,1335,"complete",""
"baseline-posterior",1336,1336,"complete",""
"baseline-posterior",1337,1337,"complete",""
"baseline-posterior",1338,1338,"complete",""
"baseline-posterior",1339,1339,"complete",""
"baseline-posterior",1340,1340,"complete",""
"baseline-posterior",1341,1341,"complete",""
"baseline-posterior",1342,1342,"complete",""
"baseline-posterior",1343,1343,"complete",""
"baseline-posterior",1344,1344,"complete",""
"baseline-posterior",1345,1345,"complete",""
"baseline-posterior",1346,1346,"complete",""
"baseline-posterior",1347,1347,"complete",""
"baseline-posterior",1348,1348,"complete",""
"baseline-posterior",1349,1349,"complete",""
"baseline-posterior",1350,1350,"complete",""
"baseline-posterior",1351,1351,"complete",""
"baseline-posterior",1352,1352,"complete",""
"baseline-posterior",1353,1353,"complete",""
"baseline-posterior",1354,1354,"complete",""
"baseline-posterior",1355,1355,"complete",""
"baseline-posterior",1356,1356,"complete",""
"baseline-posterior",1357,1357,"complete",""
"baseline-posterior",1358,1358,"complete",""
"baseline-posterior",1359,1359,"complete",""
"baseline-posterior",1360,1360,"complete",""
"baseline-posterior",1361,1361,"complete",""
"baseline-posterior",1362,1362,"complete",""
"baseline-posterior",1363,1363,"complete",""
"baseline-posterior",1364,1364,"complete",""
"baseline-posterior",1365,1365,"complete",""
"baseline-posterior",1366,1366,"complete",""
"baseline-posterior",1367,1367,"complete",""
"baseline-posterior",1368,1368,"complete",""
"baseline-posterior",1369,1369,"complete",""
"baseline-posterior",1370,1370,"complete",""
"baseline-posterior",1371,1371,"complete",""
"baseline-posterior",1372,1372,"complete",""
"baseline-posterior",1373,1373,"complete",""
"baseline-posterior",1374,1374,"complete",""
"baseline-posterior",1375,1375,"complete",""
"baseline-posterior",1376,1376,"complete",""
"baseline-posterior",1377,1377,"complete",""
"baseline-posterior",1378,1378,"complete",""
"baseline-posterior",1379,1379,"complete",""
"baseline-posterior",1380,1380,"complete",""
"baseline-posterior",1381,1381,"complete",""
"baseline-posterior",1382,1382,"complete",""
"baseline-posterior",1383,1383,"complete",""
"baseline-posterior",1384,1384,"complete",""
"baseline-posterior",1385,1385,"complete",""
"baseline-posterior",1386,1386,"complete",""
"baseline-posterior",1387,1387,"complete",""
"baseline-posterior",1388,1388,"complete",""
"baseline-posterior",1389,1389,"complete",""
"baseline-posterior",1390,1390,"complete",""
"baseline-posterior",1391,1391,"complete",""
"baseline-posterior",1392,1392,"complete",""
"baseline-posterior",1393,1393,"complete",""
"baseline-posterior",1394,1394,"complete",""
"baseline-posterior",1395,1395,"complete",""
"baseline-posterior",1396,1396,"complete",""
"baseline-posterior",1397,1397,"complete",""
"baseline-posterior",1398,1398,"complete",""
"baseline-posterior",1399,1399,"complete",""
"baseline-posterior",1400,1400,"complete",""
"baseline-posterior",1401,1401,"complete",""
"baseline-posterior",1402,1402,"complete",""
"baseline-posterior",1403,1403,"complete",""
"baseline-posterior",1404,1404,"complete",""
"baseline-posterior",1405,1405,"complete",""
"baseline-posterior",1406,1406,"complete",""
"baseline-posterior",1407,1407,"complete",""
"baseline-posterior",1408,1408,"complete",""
"baseline-posterior",1409,1409,"complete",""
"baseline-posterior",1410,1410,"complete",""
"baseline-posterior",1411,1411,"complete",""
"baseline-posterior",1412,1412,"complete",""
"baseline-posterior",1413,1413,"complete",""
"baseline-posterior",1414,1414,"complete",""
"baseline-posterior",1415,1415,"complete",""
"baseline-posterior",1416,1416,"complete",""
"baseline-posterior",1417,1417,"complete",""
"baseline-posterior",1418,1418,"complete",""
"baseline-posterior",1419,1419,"complete",""
"baseline-posterior",1420,1420,"complete",""
"baseline-posterior",1421,1421,"complete",""
"baseline-posterior",1422,1422,"complete",""
"baseline-posterior",1423,1423,"complete",""
"baseline-posterior",1424,1424,"complete",""
"baseline-posterior",1425,1425,"complete",""
"baseline-posterior",1426,1426,"complete",""
"baseline-posterior",1427,1427,"complete",""
"baseline-posterior",1428,1428,"complete",""
"baseline-posterior",1429,1429,"complete",""
"baseline-posterior",1430,1430,"complete",""
"baseline-posterior",1431,1431,"complete",""
"baseline-posterior",1432,1432,"complete",""
"baseline-posterior",1433,1433,"complete",""
"baseline-posterior",1434,1434,"complete",""
"baseline-posterior",1435,1435,"complete",""
"baseline-posterior",1436,1436,"complete",""
"baseline-posterior",1437,1437,"complete",""
"baseline-posterior",1438,1438,"complete",""
"baseline-posterior",1439,1439,"complete",""
"baseline-posterior",1440,1440,"complete",""
"baseline-posterior",1441,1441,"complete",""
"baseline-posterior",1442,1442,"complete",""
"baseline-posterior",1443,1443,"complete",""
"baseline-posterior",1444,1444,"complete",""
"baseline-posterior",1445,1445,"complete",""
"baseline-posterior",1446,1446,"complete",""
"baseline-posterior",1447,1447,"complete",""
"baseline-posterior",1448,1448,"complete",""
"baseline-posterior",1449,1449,"complete",""
"baseline-posterior",1450,1450,"complete",""
"baseline-posterior",1451,1451,"complete",""
"baseline-posterior",1452,1452,"complete",""
"baseline-posterior",1453,1453,"complete",""
"baseline-posterior",1454,1454,"complete",""
"baseline-posterior",1455,1455,"complete",""
"baseline-posterior",1456,1456,"complete",""
"baseline-posterior",1457,1457,"complete",""
"baseline-posterior",1458,1458,"complete",""
"baseline-posterior",1459,1459,"complete",""
"baseline-posterior",1460,1460,"complete",""
"baseline-posterior",1461,1461,"complete",""
"baseline-posterior",1462,1462,"complete",""
"baseline-posterior",1463,1463,"complete",""
"baseline-posterior",1464,1464,"complete",""
"baseline-posterior",1465,1465,"complete",""
"baseline-posterior",1466,1466,"complete",""
"baseline-posterior",1467,1467,"complete",""
"baseline-posterior",1468,1468,"complete",""
"baseline-posterior",1469,1469,"complete",""
"baseline-posterior",1470,1470,"complete",""
"baseline-posterior",1471,1471,"complete",""
"baseline-posterior",1472,1472,"complete",""
"baseline-posterior",1473,1473,"complete",""
"baseline-posterior",1474,1474,"complete",""
"baseline-posterior",1475,1475,"complete",""
"baseline-posterior",1476,1476,"complete",""
"baseline-posterior",1477,1477,"complete",""
"baseline-posterior",1478,1478,"complete",""
"baseline-posterior",1479,1479,"complete",""
"baseline-posterior",1480,1480,"complete",""
"baseline-posterior",1481,1481,"complete",""
"baseline-posterior",1482,1482,"complete",""
"baseline-posterior",1483,1483,"complete",""
"baseline-posterior",1484,1484,"complete",""
"baseline-posterior",1485,1485,"complete",""
"baseline-posterior",1486,1486,"complete",""
"baseline-posterior",1487,1487,"complete",""
"baseline-posterior",1488,1488,"complete",""
"baseline-posterior",1489,1489,"complete",""
"baseline-posterior",1490,1490,"complete",""
"baseline-posterior",1491,1491,"complete",""
"baseline-posterior",1492,1492,"complete",""
"baseline-posterior",1493,1493,"complete",""
"baseline-posterior",1494,1494,"complete",""
"baseline-posterior",1495,1495,"complete",""
"baseline-posterior",1496,1496,"complete",""
"baseline-posterior",1497,1497,"complete",""
"baseline-posterior",1498,1498,"complete",""
"baseline-posterior",1499,1499,"complete",""
"baseline-posterior",1500,1500,"complete",""
"baseline-posterior",1501,1501,"complete",""
"baseline-posterior",1502,1502,"complete",""
"baseline-posterior",1503,1503,"complete",""
"baseline-posterior",1504,1504,"complete",""
"baseline-posterior",1505,1505,"complete",""
"baseline-posterior",1506,1506,"complete",""
"baseline-posterior",1507,1507,"complete",""
"baseline-posterior",1508,1508,"complete",""
"baseline-posterior",1509,1509,"complete",""
"baseline-posterior",1510,1510,"complete",""
"baseline-posterior",1511,1511,"complete",""
"baseline-posterior",1512,1512,"complete",""
"baseline-posterior",1513,1513,"complete",""
"baseline-posterior",1514,1514,"complete",""
"baseline-posterior",1515,1515,"complete",""
"baseline-posterior",1516,1516,"complete",""
"baseline-posterior",1517,1517,"complete",""
"baseline-posterior",1518,1518,"complete",""
"baseline-posterior",1519,1519,"complete",""
"baseline-posterior",1520,1520,"complete",""
"baseline-posterior",1521,1521,"complete",""
"baseline-posterior",1522,1522,"complete",""
"baseline-posterior",1523,1523,"complete",""
"baseline-posterior",1524,1524,"complete",""
"baseline-posterior",1525,1525,"complete",""
"baseline-posterior",1526,1526,"complete",""
"baseline-posterior",1527,1527,"complete",""
"baseline-posterior",1528,1528,"complete",""
"baseline-posterior",1529,1529,"complete",""
"baseline-posterior",1530,1530,"complete",""
"baseline-posterior",1531,1531,"complete",""
"baseline-posterior",1532,1532,"complete",""
"baseline-posterior",1533,1533,"complete",""
"baseline-posterior",1534,1534,"complete",""
"baseline-posterior",1535,1535,"complete",""
"baseline-posterior",1536,1536,"complete",""
"baseline-posterior",1537,1537,"complete",""
"baseline-posterior",1538,1538,"complete",""
"baseline-posterior",1539,1539,"complete",""
"baseline-posterior",1540,1540,"complete",""
"baseline-posterior",1541,1541,"complete",""
"baseline-posterior",1542,1542,"complete",""
"baseline-posterior",1543,1543,"complete",""
"baseline-posterior",1544,1544,"complete",""
"baseline-posterior",1545,1545,"complete",""
"baseline-posterior",1546,1546,"complete",""
"baseline-posterior",1547,1547,"complete",""
"baseline-posterior",1548,1548,"complete",""
"baseline-posterior",1549,1549,"complete",""
"baseline-posterior",1550,1550,"complete",""
"baseline-posterior",1551,1551,"complete",""
"baseline-posterior",1552,1552,"complete",""
"baseline-posterior",1553,1553,"complete",""
"baseline-posterior",1554,1554,"complete",""
"baseline-posterior",1555,1555,"complete",""
"baseline-posterior",1556,1556,"complete",""
"baseline-posterior",1557,1557,"complete",""
"baseline-posterior",1558,1558,"complete",""
"baseline-posterior",1559,1559,"complete",""
"baseline-posterior",1560,1560,"complete",""
"baseline-posterior",1561,1561,"complete",""
"baseline-posterior",1562,1562,"complete",""
"baseline-posterior",1563,1563,"complete",""
"baseline-posterior",1564,1564,"complete",""
"baseline-posterior",1565,1565,"complete",""
"baseline-posterior",1566,1566,"complete",""
"baseline-posterior",1567,1567,"complete",""
"baseline-posterior",1568,1568,"complete",""
"baseline-posterior",1569,1569,"complete",""
"baseline-posterior",1570,1570,"complete",""
"baseline-posterior",1571,1571,"complete",""
"baseline-posterior",1572,1572,"complete",""
"baseline-posterior",1573,1573,"complete",""
"baseline-posterior",1574,1574,"complete",""
"baseline-posterior",1575,1575,"complete",""
"baseline-posterior",1576,1576,"complete",""
"baseline-posterior",1577,1577,"complete",""
"baseline-posterior",1578,1578,"complete",""
"baseline-posterior",1579,1579,"complete",""
"baseline-posterior",1580,1580,"complete",""
"baseline-posterior",1581,1581,"complete",""
"baseline-posterior",1582,1582,"complete",""
"baseline-posterior",1583,1583,"complete",""
"baseline-posterior",1584,1584,"complete",""
"baseline-posterior",1585,1585,"complete",""
"baseline-posterior",1586,1586,"complete",""
"baseline-posterior",1587,1587,"complete",""
"baseline-posterior",1588,1588,"complete",""
"baseline-posterior",1589,1589,"complete",""
"baseline-posterior",1590,1590,"complete",""
"baseline-posterior",1591,1591,"complete",""
"baseline-posterior",1592,1592,"complete",""
"baseline-posterior",1593,1593,"complete",""
"baseline-posterior",1594,1594,"complete",""
"baseline-posterior",1595,1595,"complete",""
"baseline-posterior",1596,1596,"complete",""
"baseline-posterior",1597,1597,"complete",""
"baseline-posterior",1598,1598,"complete",""
"baseline-posterior",1599,1599,"complete",""
"baseline-posterior",1600,1600,"complete",""
