outcome_type,day,estimand,assigned_treatment,assigned_dist_group,contrast,estimate,std_error,conf_low,conf_high,p_value
Cumulative take-up,1,far_minus_close,bracelet,far - close,bracelet Far - Close,-0.06117046022624992,0.017573089841268066,-0.09611838217948203,-0.02846519618141363,0
Cumulative take-up,1,far_minus_close,calendar,far - close,calendar Far - Close,-0.0728506112663574,0.015575067947358634,-0.1035213711323209,-0.04330694980259506,0
Cumulative take-up,1,far_minus_close,control,far - close,control Far - Close,-0.07596530680667749,0.01485486451888976,-0.10543280589521808,-0.048538293519075223,0
Cumulative take-up,1,far_minus_close,ink,far - close,ink Far - Close,-0.02890566902927342,0.014991549282132912,-0.060335365105990565,-0.0016111438836016428,0.036
Cumulative take-up,1,level,bracelet,close,NA,0.10189791702476843,0.015922057571057503,0.07250557968292329,0.1343634167888699,0
Cumulative take-up,1,level,calendar,close,NA,0.09946127241074366,0.014684170187139476,0.0722735903807421,0.12930337143029083,0
Cumulative take-up,1,level,control,close,NA,0.11089359081392804,0.013885835628131234,0.083163649070428,0.139247186206217,0
Cumulative take-up,1,level,ink,close,NA,0.06711052442930034,0.01342601585203529,0.04417869515362622,0.09581481057248066,0
Cumulative take-up,1,level,bracelet,far,NA,0.04072745679851851,0.006805039046722821,0.028066936180709996,0.05491411213612925,0
Cumulative take-up,1,level,calendar,far,NA,0.02661066114438626,0.00464250358998567,0.01757059280033339,0.035704775940293414,0
Cumulative take-up,1,level,control,far,NA,0.03492828400725055,0.006004147627096779,0.023783436488241008,0.04703127005460655,0
Cumulative take-up,1,level,ink,far,NA,0.03820485540002692,0.006516101535535299,0.024719932405782734,0.05066554653650581,0
Cumulative take-up,1,signal_minus_no_signal,signal,close,Any Signal - No Signal,-0.02067321088530147,0.014354945152951456,-0.049370708273013944,0.0055873604927067526,0.142
Cumulative take-up,1,signal_minus_no_signal,signal,far,Any Signal - No Signal,0.008696683523454311,0.0061513304092236055,-0.0035005641490025528,0.020663526643453063,0.154
Cumulative take-up,1,signal_minus_no_signal,signal,far - close,Any Signal - No Signal,0.02936989440875578,0.01547812739681351,7.17895340918519e-4,0.059057728065138884,0.042
Cumulative take-up,1,treatment_distance_interaction,bracelet,far - close,(bracelet - Control) Far - Close,0.014794846580427568,0.02252033483179328,-0.027849045900829192,0.059077000687859656,0.458
Cumulative take-up,1,treatment_distance_interaction,calendar,far - close,(calendar - Control) Far - Close,0.003114695540320081,0.021521724499120088,-0.039096461058314255,0.04604672091317521,0.798
Cumulative take-up,1,treatment_distance_interaction,ink,far - close,(ink - Control) Far - Close,0.047059637777404066,0.021147217625050962,0.0036875638985612996,0.08688567020763728,0.038
Cumulative take-up,1,treatment_minus_control,bracelet,close,bracelet - Control,-0.008995673789159608,0.020733167315657178,-0.04985335139437549,0.03236148611815849,0.612
Cumulative take-up,1,treatment_minus_control,calendar,close,calendar - Control,-0.011432318403184372,0.02031518407270094,-0.05153953060787386,0.03043329826013812,0.552
Cumulative take-up,1,treatment_minus_control,ink,close,ink - Control,-0.0437830663846277,0.019577021715522988,-0.07960145597732245,-0.003979870978077398,0.038
Cumulative take-up,1,treatment_minus_control,bracelet,far,bracelet - Control,0.005799172791267959,0.00916976191167415,-0.011214640762447768,0.023019041768255914,0.548
Cumulative take-up,1,treatment_minus_control,calendar,far,calendar - Control,-0.00831762286286429,0.007392902741316063,-0.02240087009352879,0.0060361529156337645,0.294
Cumulative take-up,1,treatment_minus_control,ink,far,ink - Control,0.003276571392776366,0.008871119794602533,-0.01437890819525391,0.021094137378393205,0.702
Cumulative take-up,2,far_minus_close,bracelet,far - close,bracelet Far - Close,-0.09691992569081061,0.02485531149795546,-0.14461559023473716,-0.048346133879606616,0
Cumulative take-up,2,far_minus_close,calendar,far - close,calendar Far - Close,-0.11522090898727284,0.022026372324907974,-0.1572809629243883,-0.07148391006140933,0
Cumulative take-up,2,far_minus_close,control,far - close,control Far - Close,-0.09230508357094022,0.02025130584644775,-0.13074176283055064,-0.05154106410263357,0
Cumulative take-up,2,far_minus_close,ink,far - close,ink Far - Close,-0.04944836889525731,0.020733236850460243,-0.09143095999986235,-0.010909080864454839,0.01
Cumulative take-up,2,level,bracelet,close,NA,0.17826950734151148,0.02138413179367489,0.13884019022239935,0.22195140457495693,0
Cumulative take-up,2,level,calendar,close,NA,0.17380377317701098,0.0196481006916592,0.13663488065909027,0.21278856971192572,0
Cumulative take-up,2,level,control,close,NA,0.16043084849602046,0.017573232537419554,0.12564933813653995,0.1954523559620159,0
Cumulative take-up,2,level,ink,close,NA,0.1118877226805922,0.01708812162428498,0.08128046592200455,0.14728308280282598,0
Cumulative take-up,2,level,bracelet,far,NA,0.08134958165070087,0.012148616386420154,0.059955507955288784,0.10602074318711285,0
Cumulative take-up,2,level,calendar,far,NA,0.05858286418973814,0.009153060892851873,0.041121195500017554,0.07657973024724957,0
Cumulative take-up,2,level,control,far,NA,0.06812576492508024,0.010792978716124856,0.04699711253556039,0.09005480765194512,0
Cumulative take-up,2,level,ink,far,NA,0.06243935378533489,0.010961651169457892,0.04017125215226285,0.08372065315953688,0
Cumulative take-up,2,signal_minus_no_signal,signal,close,Any Signal - No Signal,-0.02203869582546386,0.01859008798799304,-0.05805129951470604,0.014469853105651024,0.224
Cumulative take-up,2,signal_minus_no_signal,signal,far,Any Signal - No Signal,0.008540153160608688,0.01087152995384347,-0.012419972104096995,0.03081460259336297,0.448
Cumulative take-up,2,signal_minus_no_signal,signal,far - close,Any Signal - No Signal,0.03057884898607255,0.02130199997796409,-0.011110596874463835,0.07116541219281997,0.15
Cumulative take-up,2,treatment_distance_interaction,bracelet,far - close,(bracelet - Control) Far - Close,-0.004614842119870385,0.031118627633014664,-0.06635929989545272,0.052579772592036306,0.948
Cumulative take-up,2,treatment_distance_interaction,calendar,far - close,(calendar - Control) Far - Close,-0.022915825416332622,0.030458134528351284,-0.08553219483073558,0.03747789640049774,0.478
Cumulative take-up,2,treatment_distance_interaction,ink,far - close,(ink - Control) Far - Close,0.04285671467568291,0.028974481127950976,-0.012896406798164263,0.09788302940027174,0.136
Cumulative take-up,2,treatment_minus_control,bracelet,close,bracelet - Control,0.017838658845491018,0.026855741888530068,-0.034006373086769945,0.07303401906136595,0.534
Cumulative take-up,2,treatment_minus_control,calendar,close,calendar - Control,0.013372924680990522,0.026619474433909142,-0.03930071027394803,0.0661911694598551,0.654
Cumulative take-up,2,treatment_minus_control,ink,close,ink - Control,-0.04854312581542826,0.02449688930201071,-0.09497897775959054,0.0018697476469356291,0.056
Cumulative take-up,2,treatment_minus_control,bracelet,far,bracelet - Control,0.013223816725620632,0.016502440464918368,-0.017652905825511336,0.045490757980099446,0.434
Cumulative take-up,2,treatment_minus_control,calendar,far,calendar - Control,-0.0095429007353421,0.014064857278189978,-0.03560607491417791,0.018932322765053338,0.548
Cumulative take-up,2,treatment_minus_control,ink,far,ink - Control,-0.0056864111397453496,0.015387496473048354,-0.03521931982974794,0.02353657962658036,0.742
Cumulative take-up,3,far_minus_close,bracelet,far - close,bracelet Far - Close,-0.1264715781789556,0.027235885970472006,-0.17890664664963085,-0.07506731046582589,0
Cumulative take-up,3,far_minus_close,calendar,far - close,calendar Far - Close,-0.15352177483194043,0.026683088487482978,-0.2042351390115845,-0.10166270525319118,0
Cumulative take-up,3,far_minus_close,control,far - close,control Far - Close,-0.11682676903829554,0.02332754118126841,-0.16298596069815793,-0.0706959658511218,0
Cumulative take-up,3,far_minus_close,ink,far - close,ink Far - Close,-0.04585741584497943,0.026792527784333216,-0.10164203911507867,0.005617314252960118,0.08
Cumulative take-up,3,level,bracelet,close,NA,0.24232475262626352,0.023317980689740798,0.2006498595849099,0.29054606011400674,0
Cumulative take-up,3,level,calendar,close,NA,0.23812417355483884,0.02314006746466497,0.1936729075496553,0.2841294335626463,0
Cumulative take-up,3,level,control,close,NA,0.20718614103342065,0.019343654740434153,0.1671430915663451,0.24369938108909714,0
Cumulative take-up,3,level,ink,close,NA,0.14469284163204232,0.020123413994591253,0.10774916721289672,0.18650807602269856,0
Cumulative take-up,3,level,bracelet,far,NA,0.11585317444730793,0.014107767101286153,0.09094260754396849,0.14525519058375097,0
Cumulative take-up,3,level,calendar,far,NA,0.0846023987228984,0.011737018296243785,0.06231525465792623,0.10718542565617184,0
Cumulative take-up,3,level,control,far,NA,0.0903593719951251,0.014344903415724402,0.06274106598070411,0.11890420976785958,0
Cumulative take-up,3,level,ink,far,NA,0.09883542578706289,0.016567907441631866,0.06787697106469652,0.134458066483586,0
Cumulative take-up,3,signal_minus_no_signal,signal,close,Any Signal - No Signal,-0.02914636016497682,0.021406947645474707,-0.07089321688538507,0.011876376897626974,0.19
Cumulative take-up,3,signal_minus_no_signal,signal,far,Any Signal - No Signal,0.01986341475817366,0.014371417194760195,-0.00841443395339632,0.048449221632747,0.166
Cumulative take-up,3,signal_minus_no_signal,signal,far - close,Any Signal - No Signal,0.04900977492315048,0.0256309443271969,-0.0015656280921239076,0.0986764458968138,0.06
Cumulative take-up,3,treatment_distance_interaction,bracelet,far - close,(bracelet - Control) Far - Close,-0.009644809140660043,0.03510079768078638,-0.07972036303884532,0.05716707345137779,0.864
Cumulative take-up,3,treatment_distance_interaction,calendar,far - close,(calendar - Control) Far - Close,-0.03669500579364489,0.03570972557445818,-0.11111174247483584,0.035057042489016886,0.336
Cumulative take-up,3,treatment_distance_interaction,ink,far - close,(ink - Control) Far - Close,0.07096935319331611,0.035677707621937685,-0.002214089177355172,0.14035155614334632,0.054
Cumulative take-up,3,treatment_minus_control,bracelet,close,bracelet - Control,0.03513861159284287,0.029660675483548976,-0.021325891246471756,0.0923063521694966,0.248
Cumulative take-up,3,treatment_minus_control,calendar,close,calendar - Control,0.03093803252141819,0.030201183192226564,-0.026619713289469677,0.09079131401963361,0.332
Cumulative take-up,3,treatment_minus_control,ink,close,ink - Control,-0.06249329940137832,0.027734661768186362,-0.11384909777782537,-0.007287823656201211,0.034
Cumulative take-up,3,treatment_minus_control,bracelet,far,bracelet - Control,0.02549380245218283,0.02083695645011394,-0.013969737189627775,0.0677069501230655,0.226
Cumulative take-up,3,treatment_minus_control,calendar,far,calendar - Control,-0.005756973272226698,0.01864878200002284,-0.04426885877064945,0.029248091065049074,0.822
Cumulative take-up,3,treatment_minus_control,ink,far,ink - Control,0.00847605379193779,0.022042416104104463,-0.033537613844332015,0.05289211636632914,0.696
Cumulative take-up,4,far_minus_close,bracelet,far - close,bracelet Far - Close,-0.1450539155037073,0.0284741465065009,-0.20006627646570413,-0.09234321005470736,0
Cumulative take-up,4,far_minus_close,calendar,far - close,calendar Far - Close,-0.1663114393789601,0.029028083669320373,-0.22141383072965032,-0.10728751943223004,0
Cumulative take-up,4,far_minus_close,control,far - close,control Far - Close,-0.14869810623618018,0.025530936072122184,-0.1999091537591674,-0.10005541622945531,0
Cumulative take-up,4,far_minus_close,ink,far - close,ink Far - Close,-0.04630876856215996,0.031762267953322515,-0.11005623503775179,0.014187609987531952,0.148
Cumulative take-up,4,level,bracelet,close,NA,0.29981671185796044,0.024839315896045495,0.2515178440816694,0.3496990118591327,0
Cumulative take-up,4,level,calendar,close,NA,0.2810967635040187,0.025192748102484397,0.23121106382720696,0.3298184133734687,0
Cumulative take-up,4,level,control,close,NA,0.2630138945851973,0.020083775418068602,0.22152456539624668,0.2998155506022234,0
Cumulative take-up,4,level,ink,close,NA,0.171179967341315,0.023280018740481728,0.12821832485069914,0.21809282575704042,0
Cumulative take-up,4,level,bracelet,far,NA,0.15476279635425313,0.01399918747441069,0.12762157348463687,0.18195837685428531,0
Cumulative take-up,4,level,calendar,far,NA,0.11478532412505861,0.013236036609182008,0.08949484590896108,0.14058575543033097,0
Cumulative take-up,4,level,control,far,NA,0.11431578834901714,0.016887540995480142,0.08050949109961866,0.1466301410159701,0
Cumulative take-up,4,level,ink,far,NA,0.12487119877915503,0.020374172292594937,0.08385423155629466,0.1654788040058526,0
Cumulative take-up,4,signal_minus_no_signal,signal,close,Any Signal - No Signal,-0.03655698944497027,0.023301741509333947,-0.08070836599696989,0.009636740874419042,0.098
Cumulative take-up,4,signal_minus_no_signal,signal,far,Any Signal - No Signal,0.025266441329666198,0.01603116677500939,-0.005361679064005449,0.055953323790132105,0.108
Cumulative take-up,4,signal_minus_no_signal,signal,far - close,Any Signal - No Signal,0.061823430774636465,0.0280778764819302,0.008424194945609234,0.11703522624622585,0.016
Cumulative take-up,4,treatment_distance_interaction,bracelet,far - close,(bracelet - Control) Far - Close,0.0036441907324728656,0.037380489728745164,-0.06714924971704411,0.07440827049513128,0.886
Cumulative take-up,4,treatment_distance_interaction,calendar,far - close,(calendar - Control) Far - Close,-0.017613333142779908,0.03950838557468779,-0.09814294121005616,0.06146834692558222,0.69
Cumulative take-up,4,treatment_distance_interaction,ink,far - close,(ink - Control) Far - Close,0.10238933767402021,0.04092949630314291,0.017954777057210488,0.17914956682663924,0.016
Cumulative take-up,4,treatment_minus_control,bracelet,close,bracelet - Control,0.03680281727276313,0.03128680461110838,-0.024512627784917612,0.09652491370955095,0.254
Cumulative take-up,4,treatment_minus_control,calendar,close,calendar - Control,0.018082868918821382,0.032816809166238844,-0.04643970838617821,0.08007091802295346,0.62
Cumulative take-up,4,treatment_minus_control,ink,close,ink - Control,-0.09183392724388231,0.030746174519645075,-0.1483942429289054,-0.030836222721080567,0.004
Cumulative take-up,4,treatment_minus_control,bracelet,far,bracelet - Control,0.040447008005236,0.02261544141069588,-0.0025542141593465142,0.08528162252316661,0.066
Cumulative take-up,4,treatment_minus_control,calendar,far,calendar - Control,4.6953577604147423e-4,0.022019783535115873,-0.043043875950902734,0.04411720668755403,0.928
Cumulative take-up,4,treatment_minus_control,ink,far,ink - Control,0.010555410430137899,0.02663532142836339,-0.04142429737436637,0.061840241614016266,0.668
Cumulative take-up,5,far_minus_close,bracelet,far - close,bracelet Far - Close,-0.1439793932092331,0.03142547643739237,-0.20103475816455715,-0.08289463596862726,0
Cumulative take-up,5,far_minus_close,calendar,far - close,calendar Far - Close,-0.17889995608525316,0.029104714172651685,-0.23687386972159097,-0.1215411622360265,0
Cumulative take-up,5,far_minus_close,control,far - close,control Far - Close,-0.17051453690018287,0.027134701706472905,-0.22388163530942518,-0.12028816937444291,0
Cumulative take-up,5,far_minus_close,ink,far - close,ink Far - Close,-0.03617427400839343,0.03603764059890109,-0.10714642319123653,0.03471493420409999,0.31
Cumulative take-up,5,level,bracelet,close,NA,0.3326427886937215,0.02684365977653303,0.28135098714200296,0.3846373141664452,0
Cumulative take-up,5,level,calendar,close,NA,0.3219611361414821,0.025955956851864682,0.2711640144300429,0.374565701245608,0
Cumulative take-up,5,level,control,close,NA,0.30762028504165134,0.021142937662082566,0.26403616587107426,0.34637332826931544,0
Cumulative take-up,5,level,ink,close,NA,0.18877449670199115,0.024615084681579046,0.1425216535577472,0.23821287612348796,0
Cumulative take-up,5,level,bracelet,far,NA,0.1886633954844884,0.015834755293099394,0.15732466997369232,0.2175773494890277,0
Cumulative take-up,5,level,calendar,far,NA,0.14306118005622892,0.012278402723371013,0.11996139470855627,0.16739238502373552,0
Cumulative take-up,5,level,control,far,NA,0.13710574814146848,0.01833447483101717,0.10157208905526914,0.17284073289555119,0
Cumulative take-up,5,level,ink,far,NA,0.15260022269359771,0.024962688407455687,0.10478497710435776,0.2063231349538577,0
Cumulative take-up,5,signal_minus_no_signal,signal,close,Any Signal - No Signal,-0.054082067893710395,0.024651712557021407,-0.10245268901392225,-0.006985372116099041,0.022
Cumulative take-up,5,signal_minus_no_signal,signal,far,Any Signal - No Signal,0.030548344990194376,0.017926406582417807,-0.003296951885787017,0.06402153972503632,0.072
Cumulative take-up,5,signal_minus_no_signal,signal,far - close,Any Signal - No Signal,0.08463041288390477,0.030472593916217552,0.02674172076558938,0.14187978100268528,0.006
Cumulative take-up,5,treatment_distance_interaction,bracelet,far - close,(bracelet - Control) Far - Close,0.02653514369094978,0.04018216515239552,-0.04951660611435076,0.10254161356985621,0.458
Cumulative take-up,5,treatment_distance_interaction,calendar,far - close,(calendar - Control) Far - Close,-0.008385419185070297,0.04037529662623417,-0.09047445878972081,0.06884531421985858,0.914
Cumulative take-up,5,treatment_distance_interaction,ink,far - close,(ink - Control) Far - Close,0.13434026289178944,0.04526436129328624,0.04259818247584489,0.22131304029463852,0.006
Cumulative take-up,5,treatment_minus_control,bracelet,close,bracelet - Control,0.02502250365207015,0.03328775123180414,-0.04026775409145509,0.08955810833063924,0.456
Cumulative take-up,5,treatment_minus_control,calendar,close,calendar - Control,0.014340851099830743,0.03398620601454645,-0.05057225786326208,0.08104704080911547,0.718
Cumulative take-up,5,treatment_minus_control,ink,close,ink - Control,-0.1188457883396602,0.03251035595678396,-0.17854236317015607,-0.05510194231138433,0.002
Cumulative take-up,5,treatment_minus_control,bracelet,far,bracelet - Control,0.05155764734301993,0.024653895155785133,0.00360964942566629,0.10103964773361027,0.034
Cumulative take-up,5,treatment_minus_control,calendar,far,calendar - Control,0.005955431914760445,0.022689472984589766,-0.03946952799547232,0.0500147495396934,0.732
Cumulative take-up,5,treatment_minus_control,ink,far,ink - Control,0.01549447455212924,0.03128607517374944,-0.04314117816798422,0.07948168724335848,0.594
Cumulative take-up,6,far_minus_close,bracelet,far - close,bracelet Far - Close,-0.15076917791702715,0.032641661496118975,-0.2139312096828412,-0.08804892018396077,0
Cumulative take-up,6,far_minus_close,calendar,far - close,calendar Far - Close,-0.17201891421942322,0.028343503580805215,-0.22650424547612752,-0.11610445285197997,0
Cumulative take-up,6,far_minus_close,control,far - close,control Far - Close,-0.1747752325396167,0.02866792472300438,-0.2301195954766496,-0.12137397228667512,0
Cumulative take-up,6,far_minus_close,ink,far - close,ink Far - Close,-0.03131328518866053,0.03826591673499749,-0.10647438849955376,0.0440307350185537,0.404
Cumulative take-up,6,level,bracelet,close,NA,0.36057324404274005,0.02717851498624408,0.30628404439807244,0.41550533266432843,0
Cumulative take-up,6,level,calendar,close,NA,0.337898558316986,0.02498110285400055,0.2889839232311708,0.3881537452750776,0
Cumulative take-up,6,level,control,close,NA,0.32742345503284465,0.022382291295223965,0.2803865534725286,0.3705447390436528,0
Cumulative take-up,6,level,ink,close,NA,0.19999843545474613,0.02572219122807618,0.1512226207837287,0.2499231409821007,0
Cumulative take-up,6,level,bracelet,far,NA,0.2098040661257129,0.017187954578482618,0.17645475385211246,0.2417696116209509,0
Cumulative take-up,6,level,calendar,far,NA,0.16587964409756278,0.012393139112170309,0.14157646600557444,0.1901618203543558,0
Cumulative take-up,6,level,control,far,NA,0.15264822249322796,0.01949591408290795,0.11505678477487186,0.19035674495413793,0
Cumulative take-up,6,level,ink,far,NA,0.1686851502660856,0.02692487110509892,0.11629305993058245,0.22632693102747548,0
Cumulative take-up,6,signal_minus_no_signal,signal,close,Any Signal - No Signal,-0.05237516692617222,0.025058238622764902,-0.10287309658778805,-0.003689394212217159,0.03
Cumulative take-up,6,signal_minus_no_signal,signal,far,Any Signal - No Signal,0.02998067490050388,0.019121069737682884,-0.007970686601865801,0.06571271377022687,0.106
Cumulative take-up,6,signal_minus_no_signal,signal,far - close,Any Signal - No Signal,0.0823558418266761,0.031524243591723254,0.02333746571386667,0.14318129899931772,0.01
Cumulative take-up,6,treatment_distance_interaction,bracelet,far - close,(bracelet - Control) Far - Close,0.024006054622589534,0.04183597030302828,-0.05614406282574807,0.11074108918111632,0.516
Cumulative take-up,6,treatment_distance_interaction,calendar,far - close,(calendar - Control) Far - Close,0.0027563183201934627,0.04091674175960354,-0.07730506436433973,0.08344497201918921,0.878
Cumulative take-up,6,treatment_distance_interaction,ink,far - close,(ink - Control) Far - Close,0.14346194735095616,0.047792189183529024,0.04922870363461863,0.23659045206287274,0.004
Cumulative take-up,6,treatment_minus_control,bracelet,close,bracelet - Control,0.0331497890098954,0.03423714322666334,-0.03320707968979938,0.09930481557858184,0.344
Cumulative take-up,6,treatment_minus_control,calendar,close,calendar - Control,0.010475103284141363,0.03401055772436604,-0.05444181618141045,0.07743376521827278,0.804
Cumulative take-up,6,treatment_minus_control,ink,close,ink - Control,-0.12742501957809851,0.034136280061721494,-0.19042921060097473,-0.060447106047594935,0.002
Cumulative take-up,6,treatment_minus_control,bracelet,far,bracelet - Control,0.05715584363248494,0.026065812559736945,0.005909265566943154,0.10836641587551,0.028
Cumulative take-up,6,treatment_minus_control,calendar,far,calendar - Control,0.013231421604334825,0.023619327720700432,-0.03450205696709659,0.057301205300737075,0.532
Cumulative take-up,6,treatment_minus_control,ink,far,ink - Control,0.016036927772857645,0.03350072741488556,-0.04853499747733489,0.08263814385830132,0.622
Cumulative take-up,7,far_minus_close,bracelet,far - close,bracelet Far - Close,-0.15921533758242154,0.0352903697847788,-0.22477928396626987,-0.08825153632906813,0
Cumulative take-up,7,far_minus_close,calendar,far - close,calendar Far - Close,-0.1845678579317377,0.02853827759501693,-0.23784196428995963,-0.12690669568331514,0
Cumulative take-up,7,far_minus_close,control,far - close,control Far - Close,-0.18155785318826478,0.029191615091116438,-0.23807334069348296,-0.12493469455129227,0
Cumulative take-up,7,far_minus_close,ink,far - close,ink Far - Close,-0.03368229747944709,0.03953420861819533,-0.11076286569807159,0.04377871825658262,0.382
Cumulative take-up,7,level,bracelet,close,NA,0.37908296590881685,0.029725011147521012,0.31942182956028725,0.43699743399479674,0
Cumulative take-up,7,level,calendar,close,NA,0.36165201622718857,0.024883799084969852,0.31229028552216226,0.4123096555004862,0
Cumulative take-up,7,level,control,close,NA,0.34910622011896564,0.021378157437294043,0.3049788063751213,0.3888103300793844,0
Cumulative take-up,7,level,ink,close,NA,0.21897452962010108,0.026216235377348043,0.1696731567969541,0.27120264145991924,0
Cumulative take-up,7,level,bracelet,far,NA,0.2198676283263953,0.017586659489485935,0.18674281912891735,0.2525276808418278,0
Cumulative take-up,7,level,calendar,far,NA,0.17708415829545088,0.013014765386565047,0.15153098255513214,0.20210695328076397,0
Cumulative take-up,7,level,control,far,NA,0.16754836693070085,0.021174450701207926,0.12672679638410236,0.20781021343928283,0
Cumulative take-up,7,level,ink,far,NA,0.185292232140654,0.02820380843002466,0.13239247739437265,0.2468371574457913,0
Cumulative take-up,7,signal_minus_no_signal,signal,close,Any Signal - No Signal,-0.05635037040861812,0.02559557482773801,-0.10826401403926046,-0.009117197665458734,0.02
Cumulative take-up,7,signal_minus_no_signal,signal,far,Any Signal - No Signal,0.030263667620448798,0.020168348619946153,-0.010517957966728466,0.06841572230757162,0.126
Cumulative take-up,7,signal_minus_no_signal,signal,far - close,Any Signal - No Signal,0.08661403802906692,0.0327327817414714,0.025581315100350575,0.14936511143578926,0.012
Cumulative take-up,7,treatment_distance_interaction,bracelet,far - close,(bracelet - Control) Far - Close,0.022342515605843244,0.04428071486750253,-0.06326887209461103,0.10997383095552143,0.584
Cumulative take-up,7,treatment_distance_interaction,calendar,far - close,(calendar - Control) Far - Close,-0.003010004743472905,0.04147059077596097,-0.08584498638001145,0.07959430599907454,0.988
Cumulative take-up,7,treatment_distance_interaction,ink,far - close,(ink - Control) Far - Close,0.1478755557088177,0.0492144883702907,0.04534985064534012,0.24201866641266367,0.002
Cumulative take-up,7,treatment_minus_control,bracelet,close,bracelet - Control,0.02997674578985121,0.035794274624509015,-0.04074838384803339,0.09844543164234777,0.404
Cumulative take-up,7,treatment_minus_control,calendar,close,calendar - Control,0.012545796108222929,0.03331548972980864,-0.05246484214427507,0.07695531640860004,0.772
Cumulative take-up,7,treatment_minus_control,ink,close,ink - Control,-0.13013169049886456,0.03379790902593064,-0.19374161663065467,-0.06328741883196137,0.002
Cumulative take-up,7,treatment_minus_control,bracelet,far,bracelet - Control,0.052319261395694455,0.02740515750254896,-0.00194947033908753,0.10802770460938589,0.054
Cumulative take-up,7,treatment_minus_control,calendar,far,calendar - Control,0.009535791364750024,0.025495808732869312,-0.04128985700389828,0.05850219808734201,0.67
Cumulative take-up,7,treatment_minus_control,ink,far,ink - Control,0.017743865209953136,0.03555546153150542,-0.050257218656458734,0.08733254839785942,0.59
Cumulative take-up,8,far_minus_close,bracelet,far - close,bracelet Far - Close,-0.16033619380593872,0.03749720032117653,-0.2307884852632865,-0.08343167778705488,0
Cumulative take-up,8,far_minus_close,calendar,far - close,calendar Far - Close,-0.18452438985749883,0.02750192561494385,-0.23731343867558571,-0.13008926267496493,0
Cumulative take-up,8,far_minus_close,control,far - close,control Far - Close,-0.17751762007704464,0.032261151694309785,-0.23998720338105484,-0.11640629880810464,0
Cumulative take-up,8,far_minus_close,ink,far - close,ink Far - Close,-0.04627481236417158,0.040195367371475076,-0.12659172029548058,0.03147130026243183,0.244
Cumulative take-up,8,level,bracelet,close,NA,0.40258960975547636,0.03145871707552005,0.338584698304091,0.464329314160455,0
Cumulative take-up,8,level,calendar,close,NA,0.3815568449702275,0.023984170804574146,0.3341591341082768,0.42969129778453985,0
Cumulative take-up,8,level,control,close,NA,0.3686368546387964,0.023320469161264637,0.32027976715824674,0.41156944142477886,0
Cumulative take-up,8,level,ink,close,NA,0.250567942446882,0.026728715616808087,0.20093955267220634,0.30530367430511934,0
Cumulative take-up,8,level,bracelet,far,NA,0.24225341594953764,0.01860435292659814,0.20728358847775089,0.27895392859542434,0
Cumulative take-up,8,level,calendar,far,NA,0.19703245511272868,0.0125356661098112,0.17209984808526335,0.22047026306970138,0
Cumulative take-up,8,level,control,far,NA,0.19111923456175178,0.023689408818461804,0.147725539906626,0.23745371882781724,0
Cumulative take-up,8,level,ink,far,NA,0.20429313008271044,0.02856996939840273,0.14976600349537325,0.2641699272101851,0
Cumulative take-up,8,signal_minus_no_signal,signal,close,Any Signal - No Signal,-0.048518073703332776,0.0261956597465498,-0.09962291388794217,9.670318876747032e-4,0.058
Cumulative take-up,8,signal_minus_no_signal,signal,far,Any Signal - No Signal,0.029197428178883822,0.021062370606235847,-0.012582007689122725,0.0694152650587625,0.16
Cumulative take-up,8,signal_minus_no_signal,signal,far - close,Any Signal - No Signal,0.0777155018822166,0.03385747087406716,0.014856639420804753,0.14454798362642868,0.022
Cumulative take-up,8,treatment_distance_interaction,bracelet,far - close,(bracelet - Control) Far - Close,0.017181426271105915,0.04778511142193556,-0.07142690672942084,0.11007141349210288,0.684
Cumulative take-up,8,treatment_distance_interaction,calendar,far - close,(calendar - Control) Far - Close,-0.007006769780454197,0.043277298679834576,-0.0937371179979906,0.07609129976975382,0.938
Cumulative take-up,8,treatment_distance_interaction,ink,far - close,(ink - Control) Far - Close,0.13124280771287306,0.05175286094484018,0.020819725387142413,0.233299219225725,0.008
Cumulative take-up,8,treatment_minus_control,bracelet,close,bracelet - Control,0.033952755116679945,0.03827457317305498,-0.043570382360079485,0.10507810600926336,0.384
Cumulative take-up,8,treatment_minus_control,calendar,close,calendar - Control,0.012919990331431097,0.03419983208781171,-0.05305362049880584,0.08095148239075374,0.764
Cumulative take-up,8,treatment_minus_control,ink,close,ink - Control,-0.1180689121919144,0.035400788367899255,-0.18376270783287618,-0.04806694473232448,0.002
Cumulative take-up,8,treatment_minus_control,bracelet,far,bracelet - Control,0.05113418138778586,0.029822079715000706,-0.006679301340758709,0.10753191242253851,0.084
Cumulative take-up,8,treatment_minus_control,calendar,far,calendar - Control,0.0059132205509769,0.02765535128179802,-0.04792433835754723,0.05831223143799705,0.782
Cumulative take-up,8,treatment_minus_control,ink,far,ink - Control,0.013173895520958656,0.03742412157827202,-0.058975076986115225,0.08342145917825637,0.71
Cumulative take-up,9,far_minus_close,bracelet,far - close,bracelet Far - Close,-0.14270005188225665,0.03864111576770529,-0.21642894757225908,-0.06378536208104937,0
Cumulative take-up,9,far_minus_close,calendar,far - close,calendar Far - Close,-0.1871811564446116,0.028042121841219257,-0.24118224228429622,-0.13255450722921594,0
Cumulative take-up,9,far_minus_close,control,far - close,control Far - Close,-0.175544271730436,0.034507492364247494,-0.2399451669730763,-0.10952418025552041,0
Cumulative take-up,9,far_minus_close,ink,far - close,ink Far - Close,-0.03575869750706065,0.04183716475815445,-0.11941720025163337,0.04099289348779602,0.374
Cumulative take-up,9,level,bracelet,close,NA,0.41760718295333626,0.03195122614020953,0.35335694813366775,0.4811527162353854,0
Cumulative take-up,9,level,calendar,close,NA,0.3958996777288803,0.024154939354629243,0.3482304693716443,0.4456391392602679,0
Cumulative take-up,9,level,control,close,NA,0.38438484653314003,0.023156061611850114,0.33687211345578916,0.42597950081807756,0
Cumulative take-up,9,level,ink,close,NA,0.2673761331456433,0.026975663984130874,0.21636149202487473,0.3232738528598728,0
Cumulative take-up,9,level,bracelet,far,NA,0.2749071310710796,0.019740777697266235,0.23862251429673334,0.3177143634062472,0
Cumulative take-up,9,level,calendar,far,NA,0.20871852128426868,0.0134267662179003,0.1830662250702597,0.2334583090044087,0
Cumulative take-up,9,level,control,far,NA,0.20884057480270404,0.026557962620824927,0.1620280947995304,0.2605157048426165,0
Cumulative take-up,9,level,ink,far,NA,0.23161743563858264,0.030568280441932147,0.1701884124089302,0.28995520518040435,0
Cumulative take-up,9,signal_minus_no_signal,signal,close,Any Signal - No Signal,-0.04765060408152039,0.026490800988526218,-0.10158171826005652,0.003721610212832084,0.068
Cumulative take-up,9,signal_minus_no_signal,signal,far,Any Signal - No Signal,0.04448273531134478,0.02286275140868889,-1.1490973384588982e-4,0.08876587257663873,0.052
Cumulative take-up,9,signal_minus_no_signal,signal,far - close,Any Signal - No Signal,0.09213333939286517,0.0353856895534501,0.0264649304132867,0.1621488606723565,0.016
Cumulative take-up,9,treatment_distance_interaction,bracelet,far - close,(bracelet - Control) Far - Close,0.03284421984817934,0.050007697128280515,-0.06439871173865393,0.13145161964127156,0.498
Cumulative take-up,9,treatment_distance_interaction,calendar,far - close,(calendar - Control) Far - Close,-0.011636884714175622,0.04543797668143202,-0.10470931296259459,0.07740209412567042,0.848
Cumulative take-up,9,treatment_distance_interaction,ink,far - close,(ink - Control) Far - Close,0.13978557422337534,0.05447348453906717,0.024959148296531588,0.2475795706025411,0.012
Cumulative take-up,9,treatment_minus_control,bracelet,close,bracelet - Control,0.03322233642019623,0.038571882081814855,-0.042668095380886194,0.10449721698556763,0.408
Cumulative take-up,9,treatment_minus_control,calendar,close,calendar - Control,0.01151483119574026,0.034102453269937834,-0.05434156102088842,0.0795906347889289,0.794
Cumulative take-up,9,treatment_minus_control,ink,close,ink - Control,-0.11700871338749674,0.03557363685870716,-0.18451898235741307,-0.046892771751570986,0.002
Cumulative take-up,9,treatment_minus_control,bracelet,far,bracelet - Control,0.06606655626837557,0.0326024613022492,0.002413001341571778,0.12829593063129602,0.046
Cumulative take-up,9,treatment_minus_control,calendar,far,calendar - Control,-1.2205351843536105e-4,0.03075369649039484,-0.06110407698939277,0.05691772445033045,0.94
Cumulative take-up,9,treatment_minus_control,ink,far,ink - Control,0.0227768608358786,0.04068668617463612,-0.060897838913672224,0.09864996350270433,0.548
Cumulative take-up,10,far_minus_close,bracelet,far - close,bracelet Far - Close,-0.1388114393282821,0.03901858312921966,-0.21244738680944614,-0.06066875742743581,0
Cumulative take-up,10,far_minus_close,calendar,far - close,calendar Far - Close,-0.18991011773164135,0.027893481545148244,-0.24468212923300794,-0.13544225351891126,0
Cumulative take-up,10,far_minus_close,control,far - close,control Far - Close,-0.17997634402379165,0.03555277195625704,-0.24808202610541402,-0.10941555778818998,0
Cumulative take-up,10,far_minus_close,ink,far - close,ink Far - Close,-0.025927000877573936,0.04131130353976739,-0.10512662825534189,0.053231909706937294,0.512
Cumulative take-up,10,level,bracelet,close,NA,0.43754744371819215,0.03196944677898367,0.3724283847569259,0.5000360479382924,0
Cumulative take-up,10,level,calendar,close,NA,0.41282623624398385,0.02213499484082341,0.37138664195046683,0.4600687043963493,0
Cumulative take-up,10,level,control,close,NA,0.40323088271489405,0.0232543289421768,0.35640788860209677,0.4469537509590728,0
Cumulative take-up,10,level,ink,close,NA,0.28455797616146306,0.0266335347528711,0.23419924001625883,0.3389728376209933,0
Cumulative take-up,10,level,bracelet,far,NA,0.29873600438991005,0.020479552344478232,0.2587270033037148,0.34254200381123195,0
Cumulative take-up,10,level,calendar,far,NA,0.2229161185123425,0.015970257393767943,0.19130819150606201,0.2525573332067647,0
Cumulative take-up,10,level,control,far,NA,0.2232545386911024,0.027494924462883052,0.17424889014421285,0.27637135282063946,0
Cumulative take-up,10,level,ink,far,NA,0.2586309752838891,0.0303316979726567,0.1958480915555521,0.3162336549008663,0
Cumulative take-up,10,signal_minus_no_signal,signal,close,Any Signal - No Signal,-0.046975849539611314,0.025971976100029947,-0.09822482438381938,0.0014494577054993637,0.062
Cumulative take-up,10,signal_minus_no_signal,signal,far,Any Signal - No Signal,0.05559816123517716,0.02358136260436212,0.007966529403750026,0.10087686056399113,0.016
Cumulative take-up,10,signal_minus_no_signal,signal,far - close,Any Signal - No Signal,0.10257401077478848,0.03526886976936549,0.03746597248307831,0.17439358436451444,0.002
Cumulative take-up,10,treatment_distance_interaction,bracelet,far - close,(bracelet - Control) Far - Close,0.04116490469550954,0.050393238528104956,-0.057543475459556744,0.14055457555153095,0.398
Cumulative take-up,10,treatment_distance_interaction,calendar,far - close,(calendar - Control) Far - Close,-0.009933773707849702,0.046192965970443554,-0.10437466758606,0.08140543415541583,0.892
Cumulative take-up,10,treatment_distance_interaction,ink,far - close,(ink - Control) Far - Close,0.1540493431462177,0.05466599862914788,0.04304900459523516,0.2595886118702754,0.002
Cumulative take-up,10,treatment_minus_control,bracelet,close,bracelet - Control,0.03431656100329811,0.03840354058235642,-0.0411917886732579,0.1085513580450947,0.382
Cumulative take-up,10,treatment_minus_control,calendar,close,calendar - Control,0.0095953535290898,0.032789189361315946,-0.05292701623665963,0.07815720788102554,0.83
Cumulative take-up,10,treatment_minus_control,ink,close,ink - Control,-0.11867290655343099,0.035436755061162825,-0.18702788736032885,-0.05153720773803478,0
Cumulative take-up,10,treatment_minus_control,bracelet,far,bracelet - Control,0.07548146569880765,0.033584769986107654,0.0095429905165764755,0.14151406366793692,0.026
Cumulative take-up,10,treatment_minus_control,calendar,far,calendar - Control,-3.384201787599017e-4,0.03299629147899493,-0.06604903409145717,0.06020412603263395,0.934
Cumulative take-up,10,treatment_minus_control,ink,far,ink - Control,0.03537643659278672,0.04114182892881431,-0.050675244460844114,0.11129699244280737,0.39
Cumulative take-up,11,far_minus_close,bracelet,far - close,bracelet Far - Close,-0.12443751939406172,0.039972606099321496,-0.19973647830093952,-0.04249095075565394,0.002
Cumulative take-up,11,far_minus_close,calendar,far - close,calendar Far - Close,-0.18927514382953078,0.02660566199736972,-0.24158117132277188,-0.13615053742149028,0
Cumulative take-up,11,far_minus_close,control,far - close,control Far - Close,-0.17943360826112778,0.03746755265825293,-0.24905267333690015,-0.1041297380765882,0
Cumulative take-up,11,far_minus_close,ink,far - close,ink Far - Close,-0.019566179698749575,0.042275682261592944,-0.10211481158043555,0.06141927620555452,0.624
Cumulative take-up,11,level,bracelet,close,NA,0.45228796932114457,0.03217005253811004,0.3869720525539979,0.5149368788510588,0
Cumulative take-up,11,level,calendar,close,NA,0.4314938891317399,0.01994701648041973,0.3953681437292675,0.4731840355706691,0
Cumulative take-up,11,level,control,close,NA,0.4220612304542424,0.025113795127053192,0.3721495515165655,0.46921506900110965,0
Cumulative take-up,11,level,ink,close,NA,0.30134594722665314,0.027439595271605968,0.24734716864750741,0.3563784995776602,0
Cumulative take-up,11,level,bracelet,far,NA,0.32785044992708284,0.021365320140005084,0.2869372238144897,0.374105360363061,0
Cumulative take-up,11,level,calendar,far,NA,0.24221874530220913,0.016625507897891956,0.20896340400628755,0.27267006483110595,0
Cumulative take-up,11,level,control,far,NA,0.2426276221931146,0.028018328617020166,0.19265812822920703,0.2990335043869732,0
Cumulative take-up,11,level,ink,far,NA,0.28177976752790357,0.030926843683203246,0.21510624784562854,0.33836037643567224,0
Cumulative take-up,11,signal_minus_no_signal,signal,close,Any Signal - No Signal,-0.04996060151909232,0.026137415593713,-0.101508710857378,-0.0011307882162619788,0.044
Cumulative take-up,11,signal_minus_no_signal,signal,far,Any Signal - No Signal,0.062391924979831315,0.024257280552745147,0.012620556941442247,0.10811613939084921,0.006
Cumulative take-up,11,signal_minus_no_signal,signal,far - close,Any Signal - No Signal,0.11235252649892363,0.03564926113285882,0.04650053518277506,0.18454956441076806,0.002
Cumulative take-up,11,treatment_distance_interaction,bracelet,far - close,(bracelet - Control) Far - Close,0.054996088867066056,0.052069683600186586,-0.04548302076905462,0.1571718319017547,0.254
Cumulative take-up,11,treatment_distance_interaction,calendar,far - close,(calendar - Control) Far - Close,-0.009841535568403004,0.046897266927265924,-0.10230420870681473,0.08106206173733047,0.94
Cumulative take-up,11,treatment_distance_interaction,ink,far - close,(ink - Control) Far - Close,0.1598674285623782,0.05659056847335179,0.045858260093523034,0.2683646779256275,0.006
Cumulative take-up,11,treatment_minus_control,bracelet,close,bracelet - Control,0.030226738866902192,0.039711688908353776,-0.05159853443901183,0.10597525387201606,0.456
Cumulative take-up,11,treatment_minus_control,calendar,close,calendar - Control,0.00943265867749754,0.03273061682626541,-0.053475557055601995,0.07670145541999944,0.822
Cumulative take-up,11,treatment_minus_control,ink,close,ink - Control,-0.12071528322758923,0.03723052734822906,-0.19382140375556053,-0.05089324961466331,0
Cumulative take-up,11,treatment_minus_control,bracelet,far,bracelet - Control,0.08522282773396825,0.03443737884071499,0.01920063441824231,0.15120740616669698,0.022
Cumulative take-up,11,treatment_minus_control,calendar,far,calendar - Control,-4.08876890905463e-4,0.033713418313135894,-0.06822829952756101,0.06101009285201172,0.956
Cumulative take-up,11,treatment_minus_control,ink,far,ink - Control,0.039152145334788974,0.04198997993641344,-0.0485456858981643,0.11364781839548532,0.352
Cumulative take-up,12,far_minus_close,bracelet,far - close,bracelet Far - Close,-0.11590149117374521,0.04164540464905458,-0.1924000276547094,-0.028687993661296377,0.008
Cumulative take-up,12,far_minus_close,calendar,far - close,calendar Far - Close,-0.19055044846673824,0.02524547672956912,-0.2408377400567967,-0.1423204409161746,0
Cumulative take-up,12,far_minus_close,control,far - close,control Far - Close,-0.18062433427234026,0.04033209110441644,-0.2542437006728115,-0.09841081574406194,0
Cumulative take-up,12,far_minus_close,ink,far - close,ink Far - Close,-0.008134286024550852,0.04328228243081388,-0.09147723498501585,0.07574815199018368,0.834
Cumulative take-up,12,level,bracelet,close,NA,0.47352578757312236,0.03240377861319525,0.4062291188189457,0.5348476019891052,0
Cumulative take-up,12,level,calendar,close,NA,0.4557174230385936,0.0175578208722688,0.42339737513810516,0.49322911154338567,0
Cumulative take-up,12,level,control,close,NA,0.4400445687821907,0.0254150687005203,0.3889085022106774,0.4874716665096466,0
Cumulative take-up,12,level,ink,close,NA,0.31340751133342704,0.02825096225399427,0.25855700787768054,0.369830538742218,0
Cumulative take-up,12,level,bracelet,far,NA,0.35762429639937715,0.023531714303381156,0.31372819748990466,0.40820939765352326,0
Cumulative take-up,12,level,calendar,far,NA,0.26516697457185534,0.017229618942006086,0.2320597506730962,0.2971232622335809,0
Cumulative take-up,12,level,control,far,NA,0.25942023450985047,0.03133568294453215,0.2043409881639996,0.3234608728164581,0
Cumulative take-up,12,level,ink,far,NA,0.3052732253088762,0.03187627194767527,0.2396400023848626,0.3624629757826765,0
Cumulative take-up,12,signal_minus_no_signal,signal,close,Any Signal - No Signal,-0.05441434645711746,0.02632580092080693,-0.10717899354194302,-0.006417301086879585,0.026
Cumulative take-up,12,signal_minus_no_signal,signal,far,Any Signal - No Signal,0.06915515631327374,0.026153171414448586,0.014527975432898717,0.11874252172184546,0.01
Cumulative take-up,12,signal_minus_no_signal,signal,far - close,Any Signal - No Signal,0.12356950277039119,0.03720881358752328,0.052327394144052713,0.19888433329571625,0.002
Cumulative take-up,12,treatment_distance_interaction,bracelet,far - close,(bracelet - Control) Far - Close,0.06472284309859505,0.0550234759534581,-0.04152020564830952,0.17684867533342388,0.206
Cumulative take-up,12,treatment_distance_interaction,calendar,far - close,(calendar - Control) Far - Close,-0.009926114194397984,0.04835021040054823,-0.109632562478647,0.08129703941940478,0.932
Cumulative take-up,12,treatment_distance_interaction,ink,far - close,(ink - Control) Far - Close,0.1724900482477894,0.05949549095931908,0.04843278930254522,0.288897979197689,0.004
Cumulative take-up,12,treatment_minus_control,bracelet,close,bracelet - Control,0.03348121879093163,0.040000257523116256,-0.05004201298630519,0.10844474598591361,0.408
Cumulative take-up,12,treatment_minus_control,calendar,close,calendar - Control,0.015672854256402857,0.031194808165071437,-0.0408759695223464,0.07900718955821208,0.674
Cumulative take-up,12,treatment_minus_control,ink,close,ink - Control,-0.1266370574487637,0.038172278211014654,-0.20301745958363193,-0.05522928546748107,0
Cumulative take-up,12,treatment_minus_control,bracelet,far,bracelet - Control,0.09820406188952668,0.038292197483203644,0.0217597090558229,0.17046663277002738,0.02
Cumulative take-up,12,treatment_minus_control,calendar,far,calendar - Control,0.005746740062004874,0.03691347401050259,-0.0708858785835862,0.07226652200674424,0.802
Cumulative take-up,12,treatment_minus_control,ink,far,ink - Control,0.04585299079902572,0.045094947174076215,-0.0508416178083662,0.1253158579201501,0.312
Daily incidence,1,far_minus_close,bracelet,far - close,bracelet Far - Close,-0.06117046022624992,0.017573089841268066,-0.09611838217948203,-0.02846519618141363,0
Daily incidence,1,far_minus_close,calendar,far - close,calendar Far - Close,-0.0728506112663574,0.015575067947358634,-0.1035213711323209,-0.04330694980259506,0
Daily incidence,1,far_minus_close,control,far - close,control Far - Close,-0.07596530680667749,0.01485486451888976,-0.10543280589521808,-0.048538293519075223,0
Daily incidence,1,far_minus_close,ink,far - close,ink Far - Close,-0.02890566902927342,0.014991549282132912,-0.060335365105990565,-0.0016111438836016428,0.036
Daily incidence,1,level,bracelet,close,NA,0.10189791702476843,0.015922057571057503,0.07250557968292329,0.1343634167888699,0
Daily incidence,1,level,calendar,close,NA,0.09946127241074366,0.014684170187139476,0.0722735903807421,0.12930337143029083,0
Daily incidence,1,level,control,close,NA,0.11089359081392804,0.013885835628131234,0.083163649070428,0.139247186206217,0
Daily incidence,1,level,ink,close,NA,0.06711052442930034,0.01342601585203529,0.04417869515362622,0.09581481057248066,0
Daily incidence,1,level,bracelet,far,NA,0.04072745679851851,0.006805039046722821,0.028066936180709996,0.05491411213612925,0
Daily incidence,1,level,calendar,far,NA,0.02661066114438626,0.00464250358998567,0.01757059280033339,0.035704775940293414,0
Daily incidence,1,level,control,far,NA,0.03492828400725055,0.006004147627096779,0.023783436488241008,0.04703127005460655,0
Daily incidence,1,level,ink,far,NA,0.03820485540002692,0.006516101535535299,0.024719932405782734,0.05066554653650581,0
Daily incidence,1,signal_minus_no_signal,signal,close,Any Signal - No Signal,-0.02067321088530147,0.014354945152951456,-0.049370708273013944,0.0055873604927067526,0.142
Daily incidence,1,signal_minus_no_signal,signal,far,Any Signal - No Signal,0.008696683523454311,0.0061513304092236055,-0.0035005641490025528,0.020663526643453063,0.154
Daily incidence,1,signal_minus_no_signal,signal,far - close,Any Signal - No Signal,0.02936989440875578,0.01547812739681351,7.17895340918519e-4,0.059057728065138884,0.042
Daily incidence,1,treatment_distance_interaction,bracelet,far - close,(bracelet - Control) Far - Close,0.014794846580427568,0.02252033483179328,-0.027849045900829192,0.059077000687859656,0.458
Daily incidence,1,treatment_distance_interaction,calendar,far - close,(calendar - Control) Far - Close,0.003114695540320081,0.021521724499120088,-0.039096461058314255,0.04604672091317521,0.798
Daily incidence,1,treatment_distance_interaction,ink,far - close,(ink - Control) Far - Close,0.047059637777404066,0.021147217625050962,0.0036875638985612996,0.08688567020763728,0.038
Daily incidence,1,treatment_minus_control,bracelet,close,bracelet - Control,-0.008995673789159608,0.020733167315657178,-0.04985335139437549,0.03236148611815849,0.612
Daily incidence,1,treatment_minus_control,calendar,close,calendar - Control,-0.011432318403184372,0.02031518407270094,-0.05153953060787386,0.03043329826013812,0.552
Daily incidence,1,treatment_minus_control,ink,close,ink - Control,-0.0437830663846277,0.019577021715522988,-0.07960145597732245,-0.003979870978077398,0.038
Daily incidence,1,treatment_minus_control,bracelet,far,bracelet - Control,0.005799172791267959,0.00916976191167415,-0.011214640762447768,0.023019041768255914,0.548
Daily incidence,1,treatment_minus_control,calendar,far,calendar - Control,-0.00831762286286429,0.007392902741316063,-0.02240087009352879,0.0060361529156337645,0.294
Daily incidence,1,treatment_minus_control,ink,far,ink - Control,0.003276571392776366,0.008871119794602533,-0.01437890819525391,0.021094137378393205,0.702
Daily incidence,2,far_minus_close,bracelet,far - close,bracelet Far - Close,-0.03574946546456217,0.010729638138088155,-0.05656002902549106,-0.01356531414365454,0
Daily incidence,2,far_minus_close,calendar,far - close,calendar Far - Close,-0.042370297720914954,0.011042914972059914,-0.06362023030714486,-0.021439446365839485,0
Daily incidence,2,far_minus_close,control,far - close,control Far - Close,-0.016339776764262563,0.010502311494818653,-0.037857684485799216,0.003999716039327179,0.096
Daily incidence,2,far_minus_close,ink,far - close,ink Far - Close,-0.020542699865983192,0.009923465475788719,-0.04047157968620779,-0.0018177381263408039,0.04
Daily incidence,2,level,bracelet,close,NA,0.07637159031674443,0.007515689549083124,0.06198732815122458,0.09179485382957207,0
Daily incidence,2,level,calendar,close,NA,0.07434250076626675,0.008889399918372655,0.05678219697860236,0.09165969517541155,0
Daily incidence,2,level,control,close,NA,0.04953725768209221,0.008494240263187505,0.03477764401221523,0.06804275810988689,0
Daily incidence,2,level,ink,close,NA,0.0447771982512914,0.00722420828376335,0.03205951128270599,0.05966852588467271,0
Daily incidence,2,level,bracelet,far,NA,0.04062212485218226,0.007875208986116114,0.027122704205926572,0.057598952181466434,0
Daily incidence,2,level,calendar,far,NA,0.031972203045351796,0.006650348860737751,0.01889523646823243,0.04428687102706463,0
Daily incidence,2,level,control,far,NA,0.03319748091782965,0.006398649836962732,0.020931249894180066,0.046259940401448145,0
Daily incidence,2,level,ink,far,NA,0.02423449838530821,0.006520385391599157,0.012681245945362402,0.038112955099569336,0
Daily incidence,2,signal_minus_no_signal,signal,close,Any Signal - No Signal,-0.0013654849401615737,0.008175448024674476,-0.01712800645172957,0.014551774393792237,0.866
Daily incidence,2,signal_minus_no_signal,signal,far,Any Signal - No Signal,-1.5653036284548477e-4,0.00694440456838504,-0.013142277711421128,0.014492312632114115,0.934
Daily incidence,2,signal_minus_no_signal,signal,far - close,Any Signal - No Signal,0.001208954577316089,0.010451513304748214,-0.018714455831019227,0.02280764408330951,0.918
Daily incidence,2,treatment_distance_interaction,bracelet,far - close,(bracelet - Control) Far - Close,-0.019409688700299604,0.014785626934072591,-0.04777261553422012,0.010830488717034355,0.212
Daily incidence,2,treatment_distance_interaction,calendar,far - close,(calendar - Control) Far - Close,-0.02603052095665239,0.015453834245154308,-0.05636070518395444,0.00572253234250799,0.088
Daily incidence,2,treatment_distance_interaction,ink,far - close,(ink - Control) Far - Close,-0.004202923101720629,0.014844942980331878,-0.03331558398815294,0.026292664077302637,0.8
Daily incidence,2,treatment_minus_control,bracelet,close,bracelet - Control,0.026834332634652215,0.011157735375643721,0.00312568633141845,0.04736425242014358,0.026
Daily incidence,2,treatment_minus_control,calendar,close,calendar - Control,0.02480524308417454,0.012312296840749736,4.724049339679734e-4,0.0478956416047258,0.046
Daily incidence,2,treatment_minus_control,ink,close,ink - Control,-0.004760059430800809,0.011356896310981008,-0.027616604436066918,0.016808730320651784,0.694
Daily incidence,2,treatment_minus_control,bracelet,far,bracelet - Control,0.007424643934352611,0.010267315636749475,-0.01216753135577298,0.027880991942606806,0.464
Daily incidence,2,treatment_minus_control,calendar,far,calendar - Control,-0.0012252778724778507,0.009241294476748953,-0.019270593889127396,0.01651141116683893,0.93
Daily incidence,2,treatment_minus_control,ink,far,ink - Control,-0.008962982532521438,0.009116608795805238,-0.026354457956607943,0.008900839260260985,0.35
Daily incidence,3,far_minus_close,bracelet,far - close,bracelet Far - Close,-0.02955165248814349,0.00734413650374306,-0.044861898870010415,-0.015801589196136806,0
Daily incidence,3,far_minus_close,calendar,far - close,calendar Far - Close,-0.03830086584466812,0.010304377892519014,-0.058506367579349065,-0.01775480204400344,0
Daily incidence,3,far_minus_close,control,far - close,control Far - Close,-0.02452168546735543,0.008881779361953418,-0.04315679071763963,-0.007788754409054845,0.004
Daily incidence,3,far_minus_close,ink,far - close,ink Far - Close,0.003590953050277172,0.009305415705494317,-0.014579930425980341,0.022349215160522524,0.704
Daily incidence,3,level,bracelet,close,NA,0.0640552452847505,0.005952119429013978,0.05262731749410662,0.07545631355174093,0
Daily incidence,3,level,calendar,close,NA,0.06432040037782835,0.00847366832604796,0.04887849357533563,0.0812349148094778,0
Daily incidence,3,level,control,close,NA,0.04675529253740025,0.007365723652629278,0.03447782705807693,0.06233677854821148,0
Daily incidence,3,level,ink,close,NA,0.03280511895145054,0.005187221927544723,0.023144548036743335,0.04427501787644659,0
Daily incidence,3,level,bracelet,far,NA,0.03450359279660701,0.0048102041026103475,0.02591454499615328,0.04447961600409737,0
Daily incidence,3,level,calendar,far,NA,0.026019534533160235,0.005658794213799089,0.016111772937086016,0.037370116685259656,0
Daily incidence,3,level,control,far,NA,0.022233607070044823,0.0055053098290288715,0.012807309150831517,0.03389800120940501,0
Daily incidence,3,level,ink,far,NA,0.03639607200172771,0.00739766850959277,0.022850183907088553,0.052782228247579964,0
Daily incidence,3,signal_minus_no_signal,signal,close,Any Signal - No Signal,-0.007107664339513785,0.007134408705722995,-0.021016390736466148,0.005752424784192683,0.318
Daily incidence,3,signal_minus_no_signal,signal,far,Any Signal - No Signal,0.011323261597564832,0.005851000659292727,-3.1065975391091495e-4,0.022441494310810304,0.054
Daily incidence,3,signal_minus_no_signal,signal,far - close,Any Signal - No Signal,0.018430925937078617,0.009205952634173287,5.036322562027657e-4,0.036541831994987756,0.046
Daily incidence,3,treatment_distance_interaction,bracelet,far - close,(bracelet - Control) Far - Close,-0.0050299670207880585,0.01196726257477352,-0.028157967595478325,0.019276458334644492,0.632
Daily incidence,3,treatment_distance_interaction,calendar,far - close,(calendar - Control) Far - Close,-0.013779180377312687,0.013380341339164136,-0.04023800519950001,0.013294147097255063,0.304
Daily incidence,3,treatment_distance_interaction,ink,far - close,(ink - Control) Far - Close,0.028112638517632602,0.013031972892041796,0.0032014680031800654,0.05416522203290889,0.024
Daily incidence,3,treatment_minus_control,bracelet,close,bracelet - Control,0.017299952747350245,0.010102381446090908,-0.0033718194511805663,0.03563361671748685,0.104
Daily incidence,3,treatment_minus_control,calendar,close,calendar - Control,0.0175651078404281,0.010973361418297026,-0.004138080707166634,0.038052702584180885,0.114
Daily incidence,3,treatment_minus_control,ink,close,ink - Control,-0.013950173585949716,0.008860064396067471,-0.03217723631566295,0.0015910354611148353,0.092
Daily incidence,3,treatment_minus_control,bracelet,far,bracelet - Control,0.012269985726562186,0.0077186042286102804,-0.002879339523156652,0.027143684590841634,0.11
Daily incidence,3,treatment_minus_control,calendar,far,calendar - Control,0.003785927463115412,0.007965447547044865,-0.01171290857832379,0.018986307073793434,0.612
Daily incidence,3,treatment_minus_control,ink,far,ink - Control,0.014162464931682887,0.009300031515299241,-0.003623743024505107,0.03330807071534634,0.114
Daily incidence,4,far_minus_close,bracelet,far - close,bracelet Far - Close,-0.018582337324749502,0.010356136026046715,-0.03960724867435951,0.0011919593686063245,0.068
Daily incidence,4,far_minus_close,calendar,far - close,calendar Far - Close,-0.012789664547020692,0.00866150393807446,-0.029100417994722672,0.005206806869501535,0.14
Daily incidence,4,far_minus_close,control,far - close,control Far - Close,-0.03187133719788481,0.010393045076929243,-0.054125241786479775,-0.013155088207910011,0
Daily incidence,4,far_minus_close,ink,far - close,ink Far - Close,-4.513527171817744e-4,0.008459843292561381,-0.01825382213758591,0.016197509156696877,0.96
Daily incidence,4,level,bracelet,close,NA,0.05749195923169492,0.00809693595653637,0.04296995224872852,0.07412937048551081,0
Daily incidence,4,level,calendar,close,NA,0.04297258994918102,0.007123743051156913,0.028946818747911805,0.05709048208676005,0
Daily incidence,4,level,control,close,NA,0.05582775355177708,0.009369853368879983,0.03866423401538134,0.07502035331579453,0
Daily incidence,4,level,ink,close,NA,0.0264871257092735,0.0063166485933083116,0.015199027980677366,0.03993866816609864,0
Daily incidence,4,level,bracelet,far,NA,0.03890962190694542,0.0061619877654789405,0.027336833577701076,0.05118286000122754,0
Daily incidence,4,level,calendar,far,NA,0.030182925402160325,0.0053460661207695775,0.020375873866725607,0.04099723423408099,0
Daily incidence,4,level,control,far,NA,0.02395641635389227,0.004489157299812793,0.014599642807507932,0.03265703342124638,0
Daily incidence,4,level,ink,far,NA,0.026035772992091727,0.005489770233502531,0.01543593085683277,0.03648171591996095,0
Daily incidence,4,signal_minus_no_signal,signal,close,Any Signal - No Signal,-0.007410629279994835,0.007635459390975954,-0.0223372506993963,0.008076325407247146,0.35
Daily incidence,4,signal_minus_no_signal,signal,far,Any Signal - No Signal,0.005403026571492272,0.005271102664022403,-0.0047882867916954,0.015792654374832436,0.304
Daily incidence,4,signal_minus_no_signal,signal,far - close,Any Signal - No Signal,0.012813655851487107,0.009274058712639551,-0.005785742212021523,0.030407397234474127,0.176
Daily incidence,4,treatment_distance_interaction,bracelet,far - close,(bracelet - Control) Far - Close,0.01328899987313531,0.014658140511480842,-0.016283964629162907,0.042775284849061776,0.342
Daily incidence,4,treatment_distance_interaction,calendar,far - close,(calendar - Control) Far - Close,0.01908167265086412,0.013761537206446238,-0.006217689068486528,0.047045640725131906,0.15
Daily incidence,4,treatment_distance_interaction,ink,far - close,(ink - Control) Far - Close,0.03141998448070304,0.013137000115555872,0.0061967686084681735,0.05711663208324039,0.012
Daily incidence,4,treatment_minus_control,bracelet,close,bracelet - Control,0.0016642056799178392,0.01225208174148721,-0.02219467624356466,0.025813872858569488,0.846
Daily incidence,4,treatment_minus_control,calendar,close,calendar - Control,-0.012855163602596066,0.01188580610464341,-0.03738098795641694,0.009553592317664528,0.246
Daily incidence,4,treatment_minus_control,ink,close,ink - Control,-0.029340627842503582,0.01127275961735786,-0.05142603804824446,-0.008148201054727099,0.006
Daily incidence,4,treatment_minus_control,bracelet,far,bracelet - Control,0.014953205553053149,0.007563544476672869,9.857645729488536e-4,0.031320534898028156,0.036
Daily incidence,4,treatment_minus_control,calendar,far,calendar - Control,0.006226509048268054,0.007266113794628005,-0.007795697212338082,0.01983893556355545,0.398
Daily incidence,4,treatment_minus_control,ink,far,ink - Control,0.002079356638199456,0.0071081848289687825,-0.011903617923867531,0.01595052334112385,0.756
Daily incidence,5,far_minus_close,bracelet,far - close,bracelet Far - Close,0.0010745222944777422,0.00782119398022357,-0.014114479871571555,0.016534322638320446,0.894
Daily incidence,5,far_minus_close,calendar,far - close,calendar Far - Close,-0.01258851670629433,0.007101838175086087,-0.026519518537600935,0.003139584256196727,0.09
Daily incidence,5,far_minus_close,control,far - close,control Far - Close,-0.021816430664002566,0.006554959350961708,-0.03456779932860488,-0.009149423678685325,0
Daily incidence,5,far_minus_close,ink,far - close,ink Far - Close,0.010134494553764608,0.009155565751335321,-0.004723463626231409,0.031705905551406725,0.232
Daily incidence,5,level,bracelet,close,NA,0.03282607683575765,0.005386217810368121,0.022611918672998076,0.04330211902382185,0
Daily incidence,5,level,calendar,close,NA,0.04086437263746488,0.004809009803862469,0.03310152933914937,0.051882280136091294,0
Daily incidence,5,level,control,close,NA,0.04460639045645411,0.005172332363238962,0.034246131850907614,0.05472109042492391,0
Daily incidence,5,level,ink,close,NA,0.01759452936067746,0.0037224316657487534,0.011224950106799308,0.02548108474543664,0
Daily incidence,5,level,bracelet,far,NA,0.033900599130235395,0.005172929766795737,0.024097299147609202,0.04432089951968711,0
Daily incidence,5,level,calendar,far,NA,0.028275855931170553,0.005388089913090867,0.019255354991857623,0.0409423244808548,0
Daily incidence,5,level,control,far,NA,0.022789959792451547,0.0037213471818959933,0.01558206468262851,0.030384242596937484,0
Daily incidence,5,level,ink,far,NA,0.02772902391444207,0.00834711519078954,0.014494110862123075,0.0479648471056681,0
Daily incidence,5,signal_minus_no_signal,signal,close,Any Signal - No Signal,-0.01752507844874194,0.004746457625730821,-0.02771397892599751,-0.00874793737813327,0
Daily incidence,5,signal_minus_no_signal,signal,far,Any Signal - No Signal,0.005281903660527682,0.0058275577246103384,-0.0058932891274945795,0.01774693874071297,0.348
Daily incidence,5,signal_minus_no_signal,signal,far - close,Any Signal - No Signal,0.02280698210926962,0.007910961993230001,0.007891116306651777,0.039620832654585394,0
Daily incidence,5,treatment_distance_interaction,bracelet,far - close,(bracelet - Control) Far - Close,0.022890952958480308,0.010377004541772305,0.0035433986166578165,0.04340734546625501,0.024
Daily incidence,5,treatment_distance_interaction,calendar,far - close,(calendar - Control) Far - Close,0.009227913957708236,0.009660885767593363,-0.009963233771466747,0.029393642834518428,0.324
Daily incidence,5,treatment_distance_interaction,ink,far - close,(ink - Control) Far - Close,0.03195092521776717,0.01117062300325612,0.012363052134929907,0.05590991601800716,0
Daily incidence,5,treatment_minus_control,bracelet,close,bracelet - Control,-0.01178031362069646,0.007414218179131308,-0.02680266785776237,0.0023074864141938664,0.1
Daily incidence,5,treatment_minus_control,calendar,close,calendar - Control,-0.003742017818989231,0.007211380420936415,-0.017405164842928703,0.011381989960210786,0.586
Daily incidence,5,treatment_minus_control,ink,close,ink - Control,-0.027011861095776652,0.006367924402087451,-0.0393018780989561,-0.015011419325011757,0
Daily incidence,5,treatment_minus_control,bracelet,far,bracelet - Control,0.011110639337783848,0.006410438408479572,-5.88634234904057e-4,0.023851996191306502,0.06
Daily incidence,5,treatment_minus_control,calendar,far,calendar - Control,0.0054858961387190056,0.006532461460469111,-0.005821421131820996,0.020256477659133475,0.382
Daily incidence,5,treatment_minus_control,ink,far,ink - Control,0.004939064121990522,0.009144986503455159,-0.010434104728886746,0.025560764045332477,0.608
Daily incidence,6,far_minus_close,bracelet,far - close,bracelet Far - Close,-0.006789784707795413,0.007694599787275319,-0.021584492574336846,0.008557042054467001,0.362
Daily incidence,6,far_minus_close,calendar,far - close,calendar Far - Close,0.006881041865830377,0.005723044374257666,-0.0037073986779918933,0.018873602808619203,0.174
Daily incidence,6,far_minus_close,control,far - close,control Far - Close,-0.004260695639433864,0.005242548661499813,-0.014400114038260404,0.005979368171014059,0.408
Daily incidence,6,far_minus_close,ink,far - close,ink Far - Close,0.004860988819733562,0.0051140881515796275,-0.005108488865873408,0.015143889697855382,0.332
Daily incidence,6,level,bracelet,close,NA,0.0279304553490198,0.004811529046983696,0.018908143156441477,0.03756950139658035,0
Daily incidence,6,level,calendar,close,NA,0.015937422175503382,0.003049163470698261,0.010255592095542691,0.021778418561379614,0
Daily incidence,6,level,control,close,NA,0.019803169991193206,0.003948861966689328,0.012536154360874381,0.02748559745270403,0
Daily incidence,6,level,ink,close,NA,0.011223938752754549,0.00302282638939744,0.005893705242539637,0.01728502374473198,0
Daily incidence,6,level,bracelet,far,NA,0.021140670641224386,0.005958741415012644,0.010898352158209734,0.034523665093719354,0
Daily incidence,6,level,calendar,far,NA,0.02281846404133376,0.004887814162030567,0.014328122326726284,0.033804807156281404,0
Daily incidence,6,level,control,far,NA,0.015542474351759343,0.003409092997723762,0.009604118562873097,0.023146659939267875,0
Daily incidence,6,level,ink,far,NA,0.01608492757248811,0.0041685944640227676,0.008288084776940078,0.024085375196835564,0
Daily incidence,6,signal_minus_no_signal,signal,close,Any Signal - No Signal,0.0017069009675388797,0.003730808395344145,-0.005400790046388578,0.0090887500142938,0.69
Daily incidence,6,signal_minus_no_signal,signal,far,Any Signal - No Signal,-5.676700896903031e-4,0.00459927618964612,-0.008744221501711464,0.009118953415161312,0.846
Daily incidence,6,signal_minus_no_signal,signal,far - close,Any Signal - No Signal,-0.0022745710572291827,0.005937627026536767,-0.013069647095398281,0.010182466724351916,0.678
Daily incidence,6,treatment_distance_interaction,bracelet,far - close,(bracelet - Control) Far - Close,-0.002529089068361549,0.009205898818314224,-0.01988616612977059,0.015374675768248379,0.728
Daily incidence,6,treatment_distance_interaction,calendar,far - close,(calendar - Control) Far - Close,0.01114173750526424,0.007811355236585242,-0.004073345519822468,0.02658789090851917,0.152
Daily incidence,6,treatment_distance_interaction,ink,far - close,(ink - Control) Far - Close,0.009121684459167426,0.0074502109539316555,-0.005330070568992031,0.02346353442353802,0.224
Daily incidence,6,treatment_minus_control,bracelet,close,bracelet - Control,0.008127285357826593,0.006162366910386192,-0.003768482840558438,0.020285556319375873,0.184
Daily incidence,6,treatment_minus_control,calendar,close,calendar - Control,-0.003865747815689824,0.00505928634436091,-0.013867994596292135,0.006126660768825628,0.434
Daily incidence,6,treatment_minus_control,ink,close,ink - Control,-0.008579231238438657,0.005061770596737106,-0.018293635785407526,0.001264606063281814,0.09
Daily incidence,6,treatment_minus_control,bracelet,far,bracelet - Control,0.005598196289465044,0.006835088832578372,-0.006674541972492566,0.02012172935863243,0.404
Daily incidence,6,treatment_minus_control,calendar,far,calendar - Control,0.007275989689574417,0.006007379653509945,-0.0037262754784764198,0.01999522472745509,0.212
Daily incidence,6,treatment_minus_control,ink,far,ink - Control,5.424532207287686e-4,0.005378288881432058,-0.00945283720764174,0.01098473871313046,0.892
Daily incidence,7,far_minus_close,bracelet,far - close,bracelet Far - Close,-0.008446159665394191,0.00650242901089791,-0.023276108341403347,0.0028734276693635546,0.154
Daily incidence,7,far_minus_close,calendar,far - close,calendar Far - Close,-0.012548943712314506,0.005899508187201127,-0.023981735967348653,-0.001345301226356919,0.024
Daily incidence,7,far_minus_close,control,far - close,control Far - Close,-0.00678262064864827,0.0043648732114111525,-0.015146514497086955,0.002010759883999622,0.122
Daily incidence,7,far_minus_close,ink,far - close,ink Far - Close,-0.002369012290786586,0.00544867005096335,-0.013165869568095791,0.008389916640587254,0.65
Daily incidence,7,level,bracelet,close,NA,0.01850972186607667,0.005833695715087093,0.008844085941714507,0.032031839943856937,0
Daily incidence,7,level,calendar,close,NA,0.023753457910202606,0.004333137649970423,0.01625634948582733,0.03248701626409109,0
Daily incidence,7,level,control,close,NA,0.02168276508612125,0.003039861763025046,0.016107334337449805,0.027789833958884444,0
Daily incidence,7,level,ink,close,NA,0.01897609416535497,0.004014779844518315,0.01164126163899895,0.027656871196392794,0
Daily incidence,7,level,bracelet,far,NA,0.010063562200682477,0.0026115785012341595,0.0055060264494523805,0.015377074551080323,0
Daily incidence,7,level,calendar,far,NA,0.0112045141978881,0.0035800620875535514,0.004944887175955334,0.01895494352980456,0
Daily incidence,7,level,control,far,NA,0.014900144437472979,0.0031010264223082814,0.008720974187147162,0.020942812851269182,0
Daily incidence,7,level,ink,far,NA,0.016607081874568386,0.0036498580744271083,0.009574313923489992,0.02399961919144715,0
Daily incidence,7,signal_minus_no_signal,signal,close,Any Signal - No Signal,-0.0039752034824461074,0.004409591910648126,-0.012201843357104336,0.005271657913916024,0.36
Daily incidence,7,signal_minus_no_signal,signal,far,Any Signal - No Signal,2.8299271994489117e-4,0.003211861250894421,-0.005809081935378544,0.006568096997712614,0.912
Daily incidence,7,signal_minus_no_signal,signal,far - close,Any Signal - No Signal,0.004258196202390999,0.005513626948078464,-0.007225724360682447,0.014926925298322178,0.414
Daily incidence,7,treatment_distance_interaction,bracelet,far - close,(bracelet - Control) Far - Close,-0.001663539016745921,0.007956600672973626,-0.019339792158673444,0.011571146863862236,0.88
Daily incidence,7,treatment_distance_interaction,calendar,far - close,(calendar - Control) Far - Close,-0.005766323063666236,0.007608543243938498,-0.021513184803441814,0.008445996959782992,0.452
Daily incidence,7,treatment_distance_interaction,ink,far - close,(ink - Control) Far - Close,0.004413608357861684,0.0070645809779008644,-0.009288067724434107,0.018355530985702032,0.548
Daily incidence,7,treatment_minus_control,bracelet,close,bracelet - Control,-0.00317304322004458,0.006833663286282107,-0.015143149203237182,0.011695552906996696,0.596
Daily incidence,7,treatment_minus_control,calendar,close,calendar - Control,0.0020706928240813577,0.005335502808709596,-0.007775130934432385,0.01323025146131098,0.686
Daily incidence,7,treatment_minus_control,ink,close,ink - Control,-0.002706670920766277,0.005047287436396151,-0.011697994427150636,0.007574753246871568,0.61
Daily incidence,7,treatment_minus_control,bracelet,far,bracelet - Control,-0.004836582236790501,0.003923407547089851,-0.012578899389492838,0.003094253575505019,0.226
Daily incidence,7,treatment_minus_control,calendar,far,calendar - Control,-0.003695630239584878,0.0048213258750069736,-0.01233502800088847,0.006276446681308147,0.442
Daily incidence,7,treatment_minus_control,ink,far,ink - Control,0.0017069374370954071,0.00477550760000353,-0.007375110014391503,0.010934225410705281,0.726
Daily incidence,8,far_minus_close,bracelet,far - close,bracelet Far - Close,-0.001120856223514509,0.007298518590708227,-0.015323878432953348,0.012962518859330635,0.89
Daily incidence,8,far_minus_close,calendar,far - close,calendar Far - Close,4.346807423769722e-5,0.0067791574381127805,-0.014456191926512225,0.01277264541662475,0.998
Daily incidence,8,far_minus_close,control,far - close,control Far - Close,0.004040233111220037,0.0063952148836747226,-0.00823460999785008,0.016205861795260266,0.554
Daily incidence,8,far_minus_close,ink,far - close,ink Far - Close,-0.012592514884726038,0.005561974903845969,-0.02484562148985436,-0.0021272593856138454,0.012
Daily incidence,8,level,bracelet,close,NA,0.023506643846657002,0.005305469516304733,0.014573751198184971,0.03515917735846725,0
Daily incidence,8,level,calendar,close,NA,0.01990482874304035,0.005845895071527003,0.009948571442051253,0.0324394043895305,0
Daily incidence,8,level,control,close,NA,0.019530634519831072,0.004462838939542642,0.012004410652706755,0.029050909005788533,0
Daily incidence,8,level,ink,close,NA,0.03159341282678204,0.004805386153992267,0.023351809749810055,0.04197638564721855,0
Daily incidence,8,level,bracelet,far,NA,0.022385787623142493,0.004869533354523871,0.014095844138584428,0.033251501748331684,0
Daily incidence,8,level,calendar,far,NA,0.019948296817278048,0.003699439228579072,0.01352512889647958,0.02796437371433025,0
Daily incidence,8,level,control,far,NA,0.02357086763105111,0.004625021598273282,0.015464013476527873,0.03394091321405251,0
Daily incidence,8,level,ink,far,NA,0.019000897942056002,0.0028240990247685067,0.013773933302070846,0.02521618045924059,0
Daily incidence,8,signal_minus_no_signal,signal,close,Any Signal - No Signal,0.00783229670528381,0.004897848787373946,-0.0020935615894107835,0.017229919816507316,0.11
Daily incidence,8,signal_minus_no_signal,signal,far,Any Signal - No Signal,-0.001066239441565333,0.0040874248314053205,-0.009267280275772116,0.007028151597707049,0.8
Daily incidence,8,signal_minus_no_signal,signal,far - close,Any Signal - No Signal,-0.008898536146849143,0.0064831732868649555,-0.02178348051068505,0.003612657928945301,0.196
Daily incidence,8,treatment_distance_interaction,bracelet,far - close,(bracelet - Control) Far - Close,-0.005161089334734546,0.009535354510180722,-0.02447653506747992,0.012468492790473271,0.59
Daily incidence,8,treatment_distance_interaction,calendar,far - close,(calendar - Control) Far - Close,-0.00399676503698234,0.00933672820492362,-0.022688386729554425,0.013716802683685305,0.692
Daily incidence,8,treatment_distance_interaction,ink,far - close,(ink - Control) Far - Close,-0.016632747995946075,0.008654916536782655,-0.034064959703809614,3.023901665981223e-4,0.056
Daily incidence,8,treatment_minus_control,bracelet,close,bracelet - Control,0.00397600932682593,0.006917441952449085,-0.009857014950101772,0.018058434057278975,0.57
Daily incidence,8,treatment_minus_control,calendar,close,calendar - Control,3.7419422320927875e-4,0.007474414518743261,-0.013681222734429076,0.015162597201556048,0.974
Daily incidence,8,treatment_minus_control,ink,close,ink - Control,0.012062778306950968,0.006610910173231609,-0.001361248958174413,0.024836486407618947,0.07
Daily incidence,8,treatment_minus_control,bracelet,far,bracelet - Control,-0.0011850800079086163,0.006604454055290096,-0.0137485383233127,0.011509393534236993,0.84
Daily incidence,8,treatment_minus_control,calendar,far,calendar - Control,-0.0036225708137730614,0.006065422218083202,-0.01579350290146123,0.007851498299796675,0.486
Daily incidence,8,treatment_minus_control,ink,far,ink - Control,-0.004569969688995108,0.005573267810833749,-0.016769144288319493,0.005439094996331867,0.382
Daily incidence,9,far_minus_close,bracelet,far - close,bracelet Far - Close,0.017636141923686753,0.006959734089139913,0.004477389669175697,0.03129207157143484,0.014
Daily incidence,9,far_minus_close,calendar,far - close,calendar Far - Close,-0.0026567665871148564,0.00423786087474896,-0.010630521666391878,0.0058483914209145295,0.532
Daily incidence,9,far_minus_close,control,far - close,control Far - Close,0.0019733483466084674,0.006785466823104276,-0.011182695516588518,0.015868400488479463,0.792
Daily incidence,9,far_minus_close,ink,far - close,ink Far - Close,0.010516114857108298,0.0070717231744954,-0.00276971520071246,0.02423469568319883,0.146
Daily incidence,9,level,bracelet,close,NA,0.015017573197855258,0.0036585787454914225,0.008556480535623275,0.02275909586539037,0
Daily incidence,9,level,calendar,close,NA,0.014342832758654828,0.0031615034030113,0.008381859309288324,0.021040734733653543,0
Daily incidence,9,level,control,close,NA,0.01574799189434395,0.00391014158986939,0.009052797023971377,0.024733956819682365,0
Daily incidence,9,level,ink,close,NA,0.016808190698762986,0.0033909434395174333,0.010147319343342584,0.023769367828415013,0
Daily incidence,9,level,bracelet,far,NA,0.03265371512154201,0.005817480368391699,0.021798022495206806,0.04444091972058197,0
Daily incidence,9,level,calendar,far,NA,0.011686066171539972,0.002895492837383003,0.006404527922467382,0.01776465146785345,0
Daily incidence,9,level,control,far,NA,0.017721340240952416,0.005387038906623283,0.008238041040781081,0.029996483402969655,0
Daily incidence,9,level,ink,far,NA,0.027324305555871283,0.006239817258981952,0.015410230871386614,0.040019989323845054,0
Daily incidence,9,signal_minus_no_signal,signal,close,Any Signal - No Signal,8.674696218097348e-4,0.0036205878752041867,-0.0057188034607713175,0.008030049772360456,0.842
Daily incidence,9,signal_minus_no_signal,signal,far,Any Signal - No Signal,0.015285307132460456,0.005267979999502143,0.004802371936977185,0.025143302062792708,0.006
Daily incidence,9,signal_minus_no_signal,signal,far - close,Any Signal - No Signal,0.01441783751065072,0.00632095219179218,0.001960940036511401,0.026236457105101713,0.016
Daily incidence,9,treatment_distance_interaction,bracelet,far - close,(bracelet - Control) Far - Close,0.01566279357707829,0.009580548879537267,-0.0026052372893308404,0.03556004530866179,0.104
Daily incidence,9,treatment_distance_interaction,calendar,far - close,(calendar - Control) Far - Close,-0.004630114933723324,0.008110024827351422,-0.021768248026941543,0.010143283356951253,0.552
Daily incidence,9,treatment_distance_interaction,ink,far - close,(ink - Control) Far - Close,0.00854276651049983,0.009919614970281211,-0.011648005064762478,0.02867086348522164,0.416
Daily incidence,9,treatment_minus_control,bracelet,close,bracelet - Control,-7.304186964886914e-4,0.005366543768491121,-0.011185467747627536,0.009665905078417376,0.868
Daily incidence,9,treatment_minus_control,calendar,close,calendar - Control,-0.001405159135689121,0.004955783754605151,-0.011719177954875468,0.008085386279703635,0.808
Daily incidence,9,treatment_minus_control,ink,close,ink - Control,0.0010601988044190366,0.005247842001819316,-0.00949734134266362,0.011534064629968773,0.84
Daily incidence,9,treatment_minus_control,bracelet,far,bracelet - Control,0.014932374880589596,0.007808942201413219,4.390110425280058e-4,0.030942784131050022,0.044
Daily incidence,9,treatment_minus_control,calendar,far,calendar - Control,-0.006035274069412445,0.006136225827691182,-0.02066247385350885,0.004979703212083543,0.298
Daily incidence,9,treatment_minus_control,ink,far,ink - Control,0.009602965314918867,0.008290551451121847,-0.007623025008456657,0.025159278304631237,0.286
Daily incidence,10,far_minus_close,bracelet,far - close,bracelet Far - Close,0.0038886125539814263,0.006936161199214633,-0.008871275266839968,0.018116662707934408,0.58
Daily incidence,10,far_minus_close,calendar,far - close,calendar Far - Close,-0.0027289612870324623,0.005752215403425051,-0.014506194345472524,0.009021478944510051,0.664
Daily incidence,10,far_minus_close,control,far - close,control Far - Close,-0.004432072293356355,0.0062531813709798415,-0.016888549896804307,0.008100738546787974,0.44
Daily incidence,10,far_minus_close,ink,far - close,ink Far - Close,0.009831696629483015,0.007439608383571112,-0.005379006070719411,0.023703178969595846,0.19
Daily incidence,10,level,bracelet,close,NA,0.019940260764849355,0.004186182611486779,0.012630598355269664,0.02881973800421608,0
Daily incidence,10,level,calendar,close,NA,0.016926558515106663,0.0038317203481323912,0.01035446118422145,0.02539230709012136,0
Daily incidence,10,level,control,close,NA,0.018846036181755083,0.004779100435306281,0.010055482358468261,0.02871894811945554,0
Daily incidence,10,level,ink,close,NA,0.017181843015822294,0.005439246177319468,0.008947900496304452,0.030365266750044865,0
Daily incidence,10,level,bracelet,far,NA,0.02382887331883078,0.005520183829718175,0.014248407141656523,0.03611448532903085,0
Daily incidence,10,level,calendar,far,NA,0.014197597228074201,0.004168089092076135,0.006834892795560539,0.023278683385615576,0
Daily incidence,10,level,control,far,NA,0.014413963888398728,0.004099934150526062,0.007480914556334148,0.023989852779876412,0
Daily incidence,10,level,ink,far,NA,0.02701353964530531,0.005084182957732633,0.01842111908686166,0.037997261768861645,0
Daily incidence,10,signal_minus_no_signal,signal,close,Any Signal - No Signal,6.747545419049511e-4,0.004696908511589556,-0.008158357917933491,0.010589621689762501,0.918
Daily incidence,10,signal_minus_no_signal,signal,far,Any Signal - No Signal,0.011115425923831582,0.00471413790869014,0.002015648738716197,0.020512200479417913,0.018
Daily incidence,10,signal_minus_no_signal,signal,far - close,Any Signal - No Signal,0.010440671381926631,0.006567728546830277,-0.0028033197549955117,0.02312836291739091,0.104
Daily incidence,10,treatment_distance_interaction,bracelet,far - close,(bracelet - Control) Far - Close,0.008320684847337782,0.008903678150343663,-0.008368236017658522,0.026186165485877773,0.312
Daily incidence,10,treatment_distance_interaction,calendar,far - close,(calendar - Control) Far - Close,0.001703111006323893,0.008560968628663623,-0.014697500057444898,0.018011269128622807,0.784
Daily incidence,10,treatment_distance_interaction,ink,far - close,(ink - Control) Far - Close,0.01426376892283937,0.010168676282028888,-0.005939635866125087,0.03367720002381712,0.146
Daily incidence,10,treatment_minus_control,bracelet,close,bracelet - Control,0.001094224583094272,0.006351974856954349,-0.01081997649669106,0.013327558088102542,0.862
Daily incidence,10,treatment_minus_control,calendar,close,calendar - Control,-0.0019194776666484198,0.006118733797125864,-0.014126587642177715,0.00984840983449235,0.746
Daily incidence,10,treatment_minus_control,ink,close,ink - Control,-0.0016641931659327897,0.00758055980724444,-0.015255218412192734,0.014538612911604396,0.76
Daily incidence,10,treatment_minus_control,bracelet,far,bracelet - Control,0.009414909430432054,0.00686508150250287,-0.00423893598032506,0.022769208075947987,0.148
Daily incidence,10,treatment_minus_control,calendar,far,calendar - Control,-2.1636666032452678e-4,0.005934556847274993,-0.011101826684994431,0.011949389437185393,0.992
Daily incidence,10,treatment_minus_control,ink,far,ink - Control,0.01259957575690658,0.006614210067705403,-0.001056205140023989,0.026627844961940532,0.064
Daily incidence,11,far_minus_close,bracelet,far - close,bracelet Far - Close,0.01437391993421684,0.006615003725040619,0.0011948021056838965,0.02660493217477493,0.032
Daily incidence,11,far_minus_close,calendar,far - close,calendar Far - Close,6.349739021118059e-4,0.005942681817716233,-0.012054868899809784,0.011114738771408622,0.782
Daily incidence,11,far_minus_close,control,far - close,control Far - Close,5.427357626646215e-4,0.006973646560520348,-0.014525789640645131,0.012596182296125746,0.912
Daily incidence,11,far_minus_close,ink,far - close,ink Far - Close,0.00636082117882621,0.006927230672648156,-0.006340861510911992,0.02149931906393915,0.354
Daily incidence,11,level,bracelet,close,NA,0.014740525602955837,0.0041038636897186365,0.007280171993917572,0.023623646687544048,0
Daily incidence,11,level,calendar,close,NA,0.01866765288775469,0.0048196589325893956,0.011214564375312179,0.03030548366363529,0
Daily incidence,11,level,control,close,NA,0.018830347739347504,0.0056717135560156685,0.009671027497834262,0.03169812733550533,0
Daily incidence,11,level,ink,close,NA,0.016787971065188874,0.0030587774418320175,0.010586304335390019,0.022612108005216812,0
Daily incidence,11,level,bracelet,far,NA,0.029114445537172677,0.005035541815009972,0.019266157174200736,0.038736270876258146,0
Daily incidence,11,level,calendar,far,NA,0.019302626789866495,0.003413791898773189,0.012894912863366184,0.02616496833717106,0
Daily incidence,11,level,control,far,NA,0.019373083502012126,0.003910996755746264,0.012256793521018241,0.02718650678586834,0
Daily incidence,11,level,ink,far,NA,0.023148792244015084,0.006175424137164168,0.011877714732649388,0.035751109121773365,0
Daily incidence,11,signal_minus_no_signal,signal,close,Any Signal - No Signal,-0.002984751979478742,0.004373172367512334,-0.012302668872562447,0.004764552456912156,0.454
Daily incidence,11,signal_minus_no_signal,signal,far,Any Signal - No Signal,0.0067937637446545684,0.004739080117972295,-0.0021825937924616692,0.016161825597543075,0.166
Daily incidence,11,signal_minus_no_signal,signal,far - close,Any Signal - No Signal,0.00977851572413331,0.0065121665684302775,-0.002622026351025153,0.022420045058830673,0.114
Daily incidence,11,treatment_distance_interaction,bracelet,far - close,(bracelet - Control) Far - Close,0.013831184171552218,0.00968020504179358,-0.0035138901732955116,0.03445648487624273,0.138
Daily incidence,11,treatment_distance_interaction,calendar,far - close,(calendar - Control) Far - Close,9.22381394471844e-5,0.009294993835249803,-0.017045866420156666,0.019618470853639738,0.93
Daily incidence,11,treatment_distance_interaction,ink,far - close,(ink - Control) Far - Close,0.0058180854161615884,0.00985555993063779,-0.012454429847055876,0.026648987123582882,0.552
Daily incidence,11,treatment_minus_control,bracelet,close,bracelet - Control,-0.004089822136391667,0.0070034767904140075,-0.019015345505284276,0.008341419693859925,0.486
Daily incidence,11,treatment_minus_control,calendar,close,calendar - Control,-1.6269485159281505e-4,0.007638369761489444,-0.01567783521590385,0.015588795494828923,0.92
Daily incidence,11,treatment_minus_control,ink,close,ink - Control,-0.0020423766741586302,0.0065492836958083315,-0.016313788386198843,0.009242755071054456,0.744
Daily incidence,11,treatment_minus_control,bracelet,far,bracelet - Control,0.009741362035160551,0.006334739103981264,-0.0027099839207999185,0.02200322480372934,0.122
Daily incidence,11,treatment_minus_control,calendar,far,calendar - Control,-7.045671214563065e-5,0.005333060253097294,-0.010691947087694971,0.010122532105080613,0.95
Daily incidence,11,treatment_minus_control,ink,far,ink - Control,0.0037757087420029582,0.00730490757680629,-0.01043752777922641,0.01865495435868745,0.642
Daily incidence,12,far_minus_close,bracelet,far - close,bracelet Far - Close,0.008536028220314764,0.008160580037311347,-0.009186375958891607,0.023454712123822555,0.276
Daily incidence,12,far_minus_close,calendar,far - close,calendar Far - Close,-0.0012753046372066187,0.00875681399146193,-0.019773795954414707,0.016812301583512646,0.848
Daily incidence,12,far_minus_close,control,far - close,control Far - Close,-0.0011907260112127942,0.007320085584322287,-0.016146854644163138,0.013961163782848932,0.874
Daily incidence,12,far_minus_close,ink,far - close,ink Far - Close,0.011431893674199745,0.00784454145143147,-0.0021432670115936097,0.029624140604723046,0.108
Daily incidence,12,level,bracelet,close,NA,0.02123781825197949,0.006369916459698807,0.012018255839729982,0.03688625719707432,0
Daily incidence,12,level,calendar,close,NA,0.024223533906852727,0.00715901054245159,0.012744262345415147,0.04181308358649203,0
Daily incidence,12,level,control,close,NA,0.01798333832794854,0.004850118869298016,0.009720559366960022,0.02852735295417421,0
Daily incidence,12,level,ink,close,NA,0.012061564106773162,0.003327834228720943,0.006392136893507569,0.019072451938252345,0
Daily incidence,12,level,bracelet,far,NA,0.029773846472294255,0.004922286090276903,0.020212352272363086,0.0398313626800411,0
Daily incidence,12,level,calendar,far,NA,0.022948229269646108,0.004911912211900755,0.014721262680664914,0.0339430222691398,0
Daily incidence,12,level,control,far,NA,0.016792612316735747,0.0053150415470722785,0.008183626305163921,0.029008735953666993,0
Daily incidence,12,level,ink,far,NA,0.023493457780972907,0.007184557150449261,0.011792645454020846,0.03956540660945288,0
Daily incidence,12,signal_minus_no_signal,signal,close,Any Signal - No Signal,-0.004453744938024307,0.005614862667836453,-0.016115891123691325,0.006476742033994216,0.36
Daily incidence,12,signal_minus_no_signal,signal,far,Any Signal - No Signal,0.00676323133344265,0.005575038148499952,-0.004542704844563257,0.01771246993809374,0.228
Daily incidence,12,signal_minus_no_signal,signal,far - close,Any Signal - No Signal,0.011216976271466957,0.0077730267583031275,-0.003538331112301198,0.027088995544740802,0.132
Daily incidence,12,treatment_distance_interaction,bracelet,far - close,(bracelet - Control) Far - Close,0.009726754231527558,0.010532215519752659,-0.011880844310378969,0.03071424193751793,0.328
Daily incidence,12,treatment_distance_interaction,calendar,far - close,(calendar - Control) Far - Close,-8.457862599382457e-5,0.011685864475473266,-0.02454481678933697,0.022852556470535194,0.944
Daily incidence,12,treatment_distance_interaction,ink,far - close,(ink - Control) Far - Close,0.012622619685412539,0.010455620443081336,-0.006120899990642515,0.034451539025366525,0.21
Daily incidence,12,treatment_minus_control,bracelet,close,bracelet - Control,0.00325447992403095,0.00792041611146728,-0.011303787771172759,0.020679224150673265,0.732
Daily incidence,12,treatment_minus_control,calendar,close,calendar - Control,0.0062401955789041855,0.00876038801734862,-0.009284059982858141,0.025338728190644564,0.446
Daily incidence,12,treatment_minus_control,ink,close,ink - Control,-0.0059217742211753795,0.005953270727578009,-0.018390099143661916,0.004667889773931596,0.302
Daily incidence,12,treatment_minus_control,bracelet,far,bracelet - Control,0.012981234155558508,0.007040728862852326,-0.0015356395860774686,0.02542049024499994,0.082
Daily incidence,12,treatment_minus_control,calendar,far,calendar - Control,0.006155616952910361,0.007297233450482988,-0.008350808818831159,0.02046729045242578,0.394
Daily incidence,12,treatment_minus_control,ink,far,ink - Control,0.0067008454642371595,0.008750904631332903,-0.010573526604725356,0.025675643247024087,0.442
