assigned_treatment,assigned_dist_group,estimate,std_error,conf.low,conf.high,pval,oneside_pval,show_pval_only,n_obs_line
signal,combined,0.016617020566726537,0.01875013627028962,-0.023457807091161596,0.04938714762807102,0.375,0.188,TRUE,FALSE
signal,close,-0.009265766892132321,0.02080656790766048,-0.04812336459648947,0.028907327744405832,0.656,0.672,TRUE,FALSE
signal,far,0.048635380959592744,0.026902785192824824,-0.00606171382648976,0.09841231665167972,0.071,0.035,TRUE,FALSE
signal,far - close,0.057901147851725066,0.029241015641046232,5.154981958957537e-4,0.11300369151917154,0.048,0.024,TRUE,FALSE
control,combined,0.32990116334050174,0.023329976574987015,0.288389771178925,0.3760479198069907,$<$0.001,$<$0.001,FALSE,FALSE
control,close,0.4074034019083463,0.023285220337735568,0.362895775677637,0.45051466392306616,$<$0.001,$<$0.001,FALSE,FALSE
control,far,0.23402684494788176,0.03350965056925844,0.18065852141146035,0.3137521185107602,$<$0.001,$<$0.001,FALSE,FALSE
control,far - close,-0.17337655696046453,0.03227496905122671,-0.22919352142965302,-0.10257000129504976,$<$0.001,1,FALSE,FALSE
abs(calendar) - abs(bracelet),combined,-0.050528860634224626,0.024127654961505738,-0.08953383703582066,0.004592516417531197,0.036,0.982,FALSE,FALSE
abs(calendar) - abs(bracelet),close,-0.03449301095000851,0.028821644950256034,-0.08225054916011353,0.02946072642095628,0.231,0.884,FALSE,FALSE
abs(calendar) - abs(bracelet),far,-0.07036604452375689,0.03736705537715523,-0.13320395191579043,0.019742699154210223,0.06,0.97,FALSE,FALSE
abs(calendar) - abs(bracelet),far - close,-0.03587303357374838,0.04602975503830153,-0.12498593849706552,0.05771666285881114,0.436,0.782,FALSE,FALSE
bracelet - calendar,combined,0.050528860634224626,0.023164687647259638,0.0059475743119137,0.09503436303612892,0.029,0.015,TRUE,FALSE
bracelet - calendar,close,0.03449301095000851,0.030315570289383184,-0.027650098224549197,0.09335986179735008,0.255,0.128,TRUE,FALSE
bracelet - calendar,far,0.07036604452375689,0.032460960162645436,0.00791007500667624,0.13320395191579043,0.03,0.015,TRUE,FALSE
bracelet - calendar,far - close,0.03587303357374838,0.04231605233598222,-0.047766188230633874,0.12068085894464886,0.397,0.198,TRUE,FALSE
bracelet - no signal,combined,0.06710617542777633,0.021928131185189548,0.02671260697189997,0.11048835308743646,0.002,0.001,FALSE,FALSE
bracelet - no signal,close,0.04709107409621471,0.027451768222037546,-0.006900275195366762,0.09564159644900243,0.086,0.043,FALSE,FALSE
bracelet - no signal,far,0.09186590151030595,0.03412675641425678,0.02491646894439109,0.15767275264753416,0.007,0.004,FALSE,FALSE
bracelet - no signal,far - close,0.04477482741409124,0.04297351594171254,-0.038470181868397804,0.13173604131604427,0.297,0.149,FALSE,FALSE
ink,combined,-0.017294819500771552,0.030914601957390046,-0.08526649897745595,0.036966483606871256,0.576,0.712,FALSE,FALSE
ink,close,-0.05302454473427315,0.03231209832592698,-0.1161580327951533,0.006916732657694486,0.101,0.95,FALSE,FALSE
ink,far,0.026904717395428684,0.04197505978986274,-0.07138801380074479,0.09945586368946695,0.522,0.261,FALSE,FALSE
ink,far - close,0.07992926212970183,0.04068859586048464,8.023399645184942e-4,0.15695442894739559,0.049,0.025,FALSE,FALSE
calendar,combined,0.03315462958710341,0.0277111634305655,-0.026051959504167735,0.08509319330822139,0.232,0.116,FALSE,FALSE
calendar,close,0.025196126292412413,0.03041282054098702,-0.034952310893053236,0.08325801715068466,0.407,0.204,FALSE,FALSE
calendar,far,0.042999713973098125,0.03706902951079594,-0.039124783903264446,0.10498967315910125,0.246,0.123,FALSE,FALSE
calendar,far - close,0.017803587680685712,0.03804642574614104,-0.06132191407961273,0.08723774673682778,0.64,0.32,FALSE,FALSE
bracelet,combined,0.08368349022132804,0.028443582933456484,0.02767515676063414,0.13681620716591752,0.003,0.002,FALSE,FALSE
bracelet,close,0.05968913724242092,0.032413503076519655,-0.0032730127374143176,0.11795126460590681,0.066,0.033,FALSE,FALSE
bracelet,far,0.11336575849685501,0.04430139440775322,0.01690648387560069,0.19163083490646615,0.01,0.005,FALSE,FALSE
bracelet,far - close,0.05367662125443409,0.05125000600499446,-0.04612124041639977,0.15134281588545456,0.295,0.147,FALSE,FALSE
Observations,combined,NA,NA,NA,NA,"9,805",NA,TRUE,TRUE
Observations,close,NA,NA,NA,NA,"9,805",NA,TRUE,TRUE
Observations,far,NA,NA,NA,NA,"9,805",NA,TRUE,TRUE
Observations,far - close,NA,NA,NA,NA,"9,805",NA,TRUE,TRUE
