specification,treatment,distance,true_takeup_state,p_yes,p_no,p_dont_know,p_unrecognized,recognition,sensitivity,specificity,information_factor
Tight multinomial,Control,500,Nontaker,0.4526595,0.276123,0.2673805,0,0.412921,0.6859424999999999,0.276123,0.0568054
Tight multinomial,Control,500,Taker,0.6859424999999999,0.135428,0.1769325,0,0.511204,0.6859424999999999,0.276123,0.0568054
Tight multinomial,Control,1500,Nontaker,0.32692200000000005,0.33577599999999996,0.3362535,0,0.44233449999999996,0.572665,0.33577599999999996,0.05423785
Tight multinomial,Control,1500,Taker,0.572665,0.1798265,0.246199,0,0.5136135,0.572665,0.33577599999999996,0.05423785
Tight multinomial,Control,2500,Nontaker,0.220277,0.38167249999999997,0.3965865,0,0.47342300000000004,0.44787200000000005,0.38167249999999997,0.038785299999999995
Tight multinomial,Control,2500,Taker,0.44787200000000005,0.2239185,0.32344399999999995,0,0.514551,0.44787200000000005,0.38167249999999997,0.038785299999999995
Tight multinomial,Ink,500,Nontaker,0.5184275,0.2985955,0.1823415,0,0.42115899999999995,0.6259135,0.2985955,0.01398255
Tight multinomial,Ink,500,Taker,0.6259135,0.202546,0.1708085,0,0.543651,0.6259135,0.2985955,0.01398255
Tight multinomial,Ink,1500,Nontaker,0.444326,0.345754,0.210111,0,0.448966,0.6230355,0.345754,0.0277612
Tight multinomial,Ink,1500,Taker,0.6230355,0.199812,0.17650100000000002,0,0.555822,0.6230355,0.345754,0.0277612
Tight multinomial,Ink,2500,Nontaker,0.3702875,0.391837,0.236408,0,0.47748650000000004,0.617557,0.391837,0.037585850000000004
Tight multinomial,Ink,2500,Taker,0.617557,0.19654749999999999,0.1830505,0,0.5673185000000001,0.617557,0.391837,0.037585850000000004
Tight multinomial,Calendar,500,Nontaker,0.554328,0.2230895,0.221564,0,0.445302,0.659392,0.2230895,0.01496215
Tight multinomial,Calendar,500,Taker,0.659392,0.14122,0.19866450000000002,0,0.543164,0.659392,0.2230895,0.01496215
Tight multinomial,Calendar,1500,Nontaker,0.43646850000000004,0.277196,0.28596750000000004,0,0.418174,0.5839909999999999,0.277196,0.023577
Tight multinomial,Calendar,1500,Taker,0.5839909999999999,0.16229949999999999,0.2518955,0,0.5250885,0.5839909999999999,0.277196,0.023577
Tight multinomial,Calendar,2500,Nontaker,0.3263025,0.32364550000000003,0.3478495,0,0.3907865,0.5037945,0.32364550000000003,0.028165
Tight multinomial,Calendar,2500,Taker,0.5037945,0.181396,0.3110225,0,0.506813,0.5037945,0.32364550000000003,0.028165
Tight multinomial,Bracelet,500,Nontaker,0.6434565,0.21881,0.1372855,0,0.37728700000000004,0.696721,0.21881,0.0105412
Tight multinomial,Bracelet,500,Taker,0.696721,0.1457025,0.1571705,0,0.48989499999999997,0.696721,0.21881,0.0105412
Tight multinomial,Bracelet,1500,Nontaker,0.48078600000000005,0.338101,0.179855,0,0.459939,0.7089905,0.338101,0.0550191
Tight multinomial,Bracelet,1500,Taker,0.7089905,0.1503645,0.139895,0,0.556841,0.7089905,0.338101,0.0550191
Tight multinomial,Bracelet,2500,Nontaker,0.32173450000000003,0.4665735,0.21018599999999998,0,0.5425964999999999,0.717943,0.4665735,0.1502075
Tight multinomial,Bracelet,2500,Taker,0.717943,0.1548165,0.1248045,0,0.6213095,0.717943,0.4665735,0.1502075
F3 two-stage conditional,Control,500,Nontaker,0.40105599999999997,0.357073,0.2403545,0,1,0.6694435,0.357073,0.07749429999999999
F3 two-stage conditional,Control,500,Taker,0.6694435,0.15357700000000002,0.17513800000000002,0,1,0.6694435,0.357073,0.07749429999999999
F3 two-stage conditional,Control,1500,Nontaker,0.34469649999999996,0.3075115,0.34695600000000004,0,1,0.6050314999999999,0.3075115,0.06129465
F3 two-stage conditional,Control,1500,Taker,0.6050314999999999,0.13892100000000002,0.255192,0,1,0.6050314999999999,0.3075115,0.06129465
F3 two-stage conditional,Control,2500,Nontaker,0.2789555,0.24892,0.471902,0,1,0.524216,0.24892,0.0428285
F3 two-stage conditional,Control,2500,Taker,0.524216,0.120019,0.354464,0,1,0.524216,0.24892,0.0428285
F3 two-stage conditional,Ink,500,Nontaker,0.4653965,0.329342,0.2046065,0,1,0.6169899999999999,0.329342,0.0250098
F3 two-stage conditional,Ink,500,Taker,0.6169899999999999,0.203824,0.178487,0,1,0.6169899999999999,0.329342,0.0250098
F3 two-stage conditional,Ink,1500,Nontaker,0.4686715,0.331872,0.1990715,0,1,0.6249895000000001,0.331872,0.021127899999999998
F3 two-stage conditional,Ink,1500,Taker,0.6249895000000001,0.206872,0.167459,0,1,0.6249895000000001,0.331872,0.021127899999999998
F3 two-stage conditional,Ink,2500,Nontaker,0.471779,0.33339799999999997,0.1931175,0,1,0.6322915,0.33339799999999997,0.0160318
F3 two-stage conditional,Ink,2500,Taker,0.6322915,0.208989,0.1572865,0,1,0.6322915,0.33339799999999997,0.0160318
F3 two-stage conditional,Calendar,500,Nontaker,0.5030365,0.295658,0.2013595,0,1,0.66235,0.295658,0.0327649
F3 two-stage conditional,Calendar,500,Taker,0.66235,0.15625850000000002,0.18152849999999998,0,1,0.66235,0.295658,0.0327649
F3 two-stage conditional,Calendar,1500,Nontaker,0.44275549999999997,0.26052200000000003,0.2966225,0,1,0.59581,0.26052200000000003,0.026151800000000003
F3 two-stage conditional,Calendar,1500,Taker,0.59581,0.14054850000000002,0.26340600000000003,0,1,0.59581,0.26052200000000003,0.026151800000000003
F3 two-stage conditional,Calendar,2500,Nontaker,0.36807449999999997,0.216971,0.41360450000000004,0,1,0.5130895,0.216971,0.018810050000000002
F3 two-stage conditional,Calendar,2500,Taker,0.5130895,0.12053849999999999,0.3664655,0,1,0.5130895,0.216971,0.018810050000000002
F3 two-stage conditional,Bracelet,500,Nontaker,0.5200089999999999,0.30641799999999997,0.1719135,0,1,0.7006209999999999,0.30641799999999997,0.04257005
F3 two-stage conditional,Bracelet,500,Taker,0.7006209999999999,0.1487405,0.1498185,0,1,0.7006209999999999,0.30641799999999997,0.04257005
F3 two-stage conditional,Bracelet,1500,Nontaker,0.5236935,0.3083625,0.1662815,0,1,0.708422,0.3083625,0.0377894
F3 two-stage conditional,Bracelet,1500,Taker,0.708422,0.1500035,0.1403285,0,1,0.708422,0.3083625,0.0377894
F3 two-stage conditional,Bracelet,2500,Nontaker,0.526471,0.31062599999999996,0.16143200000000002,0,1,0.7157020000000001,0.31062599999999996,0.029932300000000002
F3 two-stage conditional,Bracelet,2500,Taker,0.7157020000000001,0.15129150000000002,0.131482,0,1,0.7157020000000001,0.31062599999999996,0.029932300000000002
U3 two-stage unconditional,Control,500,Nontaker,0.1745045,0.153909,0.1054595,0.566014,0.433986,0.35443199999999997,0.153909,0.046769599999999995
U3 two-stage unconditional,Control,500,Taker,0.35443199999999997,0.08236650000000001,0.0930841,0.46926650000000003,0.5307335,0.35443199999999997,0.153909,0.046769599999999995
U3 two-stage unconditional,Control,1500,Nontaker,0.149883,0.1317795,0.1524775,0.566014,0.433986,0.32300249999999997,0.1317795,0.041153949999999995
U3 two-stage unconditional,Control,1500,Taker,0.32300249999999997,0.0749878,0.132154,0.46926650000000003,0.5307335,0.32300249999999997,0.1317795,0.041153949999999995
U3 two-stage unconditional,Control,2500,Nontaker,0.12030099999999999,0.1063955,0.2074305,0.566014,0.433986,0.2832355,0.1063955,0.0325612
U3 two-stage unconditional,Control,2500,Taker,0.2832355,0.0656389,0.1806865,0.46926650000000003,0.5307335,0.2832355,0.1063955,0.0325612
U3 two-stage unconditional,Ink,500,Nontaker,0.2030805,0.143271,0.0878131,0.566014,0.433986,0.326905,0.143271,0.02159535
U3 two-stage unconditional,Ink,500,Taker,0.326905,0.10831450000000001,0.09575925,0.46926650000000003,0.5307335,0.326905,0.143271,0.02159535
U3 two-stage unconditional,Ink,1500,Nontaker,0.20360450000000002,0.1438355,0.08658394999999999,0.566014,0.433986,0.3322885,0.1438355,0.01891465
U3 two-stage unconditional,Ink,1500,Taker,0.3322885,0.1102595,0.0881908,0.46926650000000003,0.5307335,0.3322885,0.1438355,0.01891465
U3 two-stage unconditional,Ink,2500,Nontaker,0.204193,0.144154,0.08519925,0.566014,0.433986,0.3369735,0.144154,0.014738999999999999
U3 two-stage unconditional,Ink,2500,Taker,0.3369735,0.111704,0.08162085,0.46926650000000003,0.5307335,0.3369735,0.144154,0.014738999999999999
U3 two-stage unconditional,Calendar,500,Nontaker,0.212983,0.13254149999999998,0.08768814999999999,0.566014,0.433986,0.35476450000000004,0.13254149999999998,0.0296354
U3 two-stage unconditional,Calendar,500,Taker,0.35476450000000004,0.07889935000000001,0.0968713,0.46926650000000003,0.5307335,0.35476450000000004,0.13254149999999998,0.0296354
U3 two-stage unconditional,Calendar,1500,Nontaker,0.18696649999999998,0.116577,0.130185,0.566014,0.433986,0.32184999999999997,0.116577,0.0265132
U3 two-stage unconditional,Calendar,1500,Taker,0.32184999999999997,0.07157355,0.1366155,0.46926650000000003,0.5307335,0.32184999999999997,0.116577,0.0265132
U3 two-stage unconditional,Calendar,2500,Nontaker,0.155364,0.0965068,0.18157099999999998,0.566014,0.433986,0.281746,0.0965068,0.02131255
U3 two-stage unconditional,Calendar,2500,Taker,0.281746,0.0624513,0.186241,0.46926650000000003,0.5307335,0.281746,0.0965068,0.02131255
U3 two-stage unconditional,Bracelet,500,Nontaker,0.23305199999999998,0.12787749999999998,0.07268595,0.566014,0.433986,0.365646,0.12787749999999998,0.024945250000000002
U3 two-stage unconditional,Bracelet,500,Taker,0.365646,0.08302804999999999,0.08150850000000001,0.46926650000000003,0.5307335,0.365646,0.12787749999999998,0.024945250000000002
U3 two-stage unconditional,Bracelet,1500,Nontaker,0.233409,0.12834050000000002,0.0716927,0.566014,0.433986,0.37083700000000003,0.12834050000000002,0.02354245
U3 two-stage unconditional,Bracelet,1500,Taker,0.37083700000000003,0.08409155,0.0749753,0.46926650000000003,0.5307335,0.37083700000000003,0.12834050000000002,0.02354245
U3 two-stage unconditional,Bracelet,2500,Nontaker,0.233701,0.12853599999999998,0.07056265,0.566014,0.433986,0.3757705,0.12853599999999998,0.01986535
U3 two-stage unconditional,Bracelet,2500,Taker,0.3757705,0.0851601,0.06901260000000001,0.46926650000000003,0.5307335,0.3757705,0.12853599999999998,0.01986535
