arm,distance_km,estimate,std_error,conf_low,conf_high,p_value
control,0.4,-0.14618811094089662,0.12866238174655742,-0.41142760005739365,0.09183214409547616,0.24175824175824176
control,0.45,-0.1419121836546161,0.11846589720907597,-0.38497674612392696,0.07808451413312878,0.21978021978021978
control,0.5,-0.13695319377115867,0.10690368875854853,-0.3503293710177495,0.06350847839519913,0.1938061938061938
control,0.55,-0.13131114129139057,0.09421891630540395,-0.3212180351113784,0.048034800041379944,0.15984015984015984
control,0.6000000000000001,-0.12498602621460508,0.08087301836627214,-0.2877359138758078,0.03154277835152079,0.12187812187812187
control,0.65,-0.11797784854129215,0.06780364865906963,-0.2560622999105845,0.015715773056419212,0.07592407592407592
control,0.7000000000000001,-0.11028660827186651,0.05697754126903813,-0.22671765386082077,0.0017262239860722382,0.055944055944055944
control,0.75,-0.10199814053584083,0.05200181068008967,-0.20412276934929016,6.42980168006777e-4,0.055944055944055944
control,0.8,-0.09472889080693815,0.05502244191268381,-0.20364967654607904,0.014563331259215747,0.07792207792207792
control,0.8500000000000001,-0.08909191094802632,0.06289415763983346,-0.20933550744698357,0.047321618561024896,0.16783216783216784
control,0.9,-0.08508720095979228,0.07229189859647067,-0.2271077167462089,0.07642842715304628,0.23576423576423577
control,0.9500000000000001,-0.0827147608395351,0.08132644182203419,-0.23063713633909946,0.09399105719323354,0.28771228771228774
control,1,-0.08197459059014084,0.08906378650264837,-0.24257963079056272,0.1150008488910689,0.3196803196803197
control,1.05,-0.08286669021003114,0.09503772278222689,-0.2528135899360894,0.12769349535012822,0.34165834165834164
control,1.1,-0.08539105969914607,0.09900629546753802,-0.26291708253212775,0.1333173821915386,0.34765234765234765
control,1.15,-0.08954769905816633,0.10084291627159218,-0.2689646155633893,0.1333453049315488,0.33966033966033965
control,1.2000000000000002,-0.0953366082861062,0.10048826157137719,-0.27432420300900207,0.12771601769189433,0.3156843156843157
control,1.25,-0.10275778738460943,0.09793107615329351,-0.27362351189836287,0.10958494960693518,0.27972027972027974
control,1.3,-0.11181123635091646,0.09320646387852465,-0.27460921720637715,0.09088215810500615,0.22577422577422576
control,1.35,-0.12249695518863449,0.0864115307445881,-0.2738170849540225,0.07183254704725917,0.15384615384615385
control,1.4,-0.13481494389418802,0.07775031254475694,-0.27243868532246585,0.0340335187697524,0.10789210789210789
control,1.4500000000000002,-0.14876520247046537,0.0676453284817863,-0.26906930145257996,-1.4494349813428742e-4,0.05194805194805195
control,1.5,-0.16426026681530387,0.05710972986886904,-0.2676665474298144,-0.03836955941063918,0.013986013986013986
control,1.5500000000000003,-0.1797435987769599,0.049306431660014874,-0.2702833966639926,-0.06966665828064014,0.005994005994005994
control,1.6,-0.19464185239058496,0.04603902684830592,-0.2780851298991902,-0.09687839911625326,0.001998001998001998
control,1.65,-0.2089550276571127,0.047650787576883305,-0.2954125494421762,-0.10447541171984134,0.001998001998001998
control,1.7000000000000002,-0.22268312457685518,0.0531979876361569,-0.31853587643277126,-0.11029191044442872,0.001998001998001998
control,1.75,-0.23582614314824185,0.06120436289622584,-0.34694758706248396,-0.10920841287189716,0.001998001998001998
control,1.8000000000000003,-0.24838408337364531,0.07048936874909228,-0.37818119439299835,-0.10270497277747333,0.001998001998001998
control,1.85,-0.2603569452509757,0.08031735959904981,-0.4105743031855967,-0.09394794512001968,0.001998001998001998
control,1.9,-0.27174472878143807,0.09026122471804889,-0.43858155840693525,-0.08896491768381548,0.001998001998001998
control,1.9500000000000002,-0.28254743396432663,0.10007161273708613,-0.46975810116299194,-0.0823958470514494,0.003996003996003996
control,2,-0.2927650608005429,0.10959814111956855,-0.5028733815864396,-0.07525100663017514,0.003996003996003996
calendar,0.4,-0.20810075232513414,0.15620020354168954,-0.5305069243016685,0.06222273092895115,0.15584415584415584
calendar,0.45,-0.20888216240228014,0.1459964459728782,-0.5115761892349219,0.045796369468818,0.11588411588411589
calendar,0.5,-0.20978839967103374,0.1342368530379432,-0.4935116038159246,0.02405515044819121,0.08391608391608392
calendar,0.55,-0.21081946413192848,0.12098258224421363,-0.463100953337645,-0.0012152485611570596,0.04795204795204795
calendar,0.6000000000000001,-0.21197535578468768,0.10634118904544698,-0.4357403995333691,-0.03064766776025181,0.017982017982017984
calendar,0.65,-0.2132560746291811,0.09051745639061953,-0.40288362971569014,-0.06028958429352621,0.005994005994005994
calendar,0.7000000000000001,-0.21466162066614905,0.0739440018874704,-0.3711246204644459,-0.09124524700375719,0.003996003996003996
calendar,0.75,-0.21614659497956445,0.057748848600326017,-0.34261185348430295,-0.11732055627465093,0.001998001998001998
calendar,0.8,-0.21685604606744247,0.04555373245918277,-0.3133248972095874,-0.13535973297935874,0.001998001998001998
calendar,0.8500000000000001,-0.21646572568759403,0.03961637216388628,-0.2954974391860978,-0.14343635690446885,0.001998001998001998
calendar,0.9,-0.21497563384016555,0.04010494981849314,-0.2932838030226118,-0.1403545296307055,0.001998001998001998
calendar,0.9500000000000001,-0.21238577052357693,0.044802933699305235,-0.3027031555461608,-0.12585898647184493,0.001998001998001998
calendar,1,-0.2086961357397162,0.05105125448936157,-0.3111701749547572,-0.10721902013181155,0.001998001998001998
calendar,1.05,-0.20390672948746066,0.057184369082605865,-0.317808915856229,-0.08863549238511499,0.001998001998001998
calendar,1.1,-0.19801755176681202,0.06235707747961707,-0.3212835925853069,-0.07191238045756299,0.003996003996003996
calendar,1.15,-0.1910286025783874,0.06614909972347317,-0.3197199453359452,-0.05614273142657652,0.007992007992007992
calendar,1.2000000000000002,-0.18293988192126495,0.06834571288938232,-0.31630460769246244,-0.04476215242159008,0.017982017982017984
calendar,1.25,-0.17375138979626242,0.06883799659685735,-0.30588970323210046,-0.033844429769787486,0.025974025974025976
calendar,1.3,-0.1634631262025038,0.06757991287749675,-0.29026813115633154,-0.022722822600477956,0.03396603396603397
calendar,1.35,-0.15207509114154927,0.06457381986496752,-0.2727276372544529,-0.01703565556100566,0.03396603396603397
calendar,1.4,-0.13958728461089995,0.059876235787363764,-0.2526890017991163,-0.013857238977685133,0.03796203796203796
calendar,1.4500000000000002,-0.12599970661320292,0.05363086591245469,-0.22649075484603756,-0.015115678911244317,0.03396603396603397
calendar,1.5,-0.11137735165442271,0.046243039086668894,-0.19746992412239545,-0.017867201648142025,0.03396603396603397
calendar,1.5500000000000003,-0.09687688205637292,0.03969850154806256,-0.17088892114459336,-0.013767056439674812,0.027972027972027972
calendar,1.6,-0.08292435077047844,0.03502670004924949,-0.14903653982926243,-0.01114621946655022,0.03196803196803197
calendar,1.65,-0.06951975779755112,0.03269432963359413,-0.1311625465477722,-0.0016586720893318183,0.04795204795204795
calendar,1.7000000000000002,-0.05666310313701128,0.032875455193675164,-0.1215340130168972,0.007946524516843021,0.0939060939060939
calendar,1.75,-0.04435438678819194,0.03524268109295783,-0.11445943084408546,0.022560399171533397,0.1938061938061938
calendar,1.8000000000000003,-0.032593608753546666,0.039154714358876255,-0.11427009762170665,0.041812401139302034,0.4075924075924076
calendar,1.85,-0.021380769030252295,0.04399115688147879,-0.11183952243184415,0.06407135665349561,0.6113886113886113
calendar,1.9,-0.01071586762018198,0.04930111539300724,-0.11267007784779166,0.08274171243081388,0.8091908091908092
calendar,1.9500000000000002,-5.989045221471007e-4,0.054792885702724455,-0.11416122859176366,0.10416490591061399,0.981018981018981
calendar,2,0.008970120262854236,0.06028357117746173,-0.11767244380386714,0.12444844766790214,0.8691308691308691
ink,0.4,-0.08326483415995055,0.1758238790745455,-0.4311007527131305,0.22982608001822763,0.5934065934065934
ink,0.45,-0.08173561222576577,0.16256058906715054,-0.40585746806574674,0.2103635370036304,0.5774225774225774
ink,0.5,-0.07996210309110038,0.14733083178028372,-0.37129607404437537,0.18742135139539823,0.5614385614385614
ink,0.55,-0.07794430675633211,0.13027191839878852,-0.34200426093078756,0.1628525915781683,0.5314685314685315
ink,0.6000000000000001,-0.0756822232211771,0.1116434838211624,-0.29984595187004387,0.13634890909367908,0.48951048951048953
ink,0.65,-0.07317585248578243,0.09198728694658509,-0.259690269812652,0.1035589839907148,0.4255744255744256
ink,0.7000000000000001,-0.07042519455040733,0.07257707893972037,-0.21593792976770318,0.07106743319973459,0.34165834165834164
ink,0.75,-0.06745535707098022,0.056771660098723496,-0.17519022388209926,0.04548499365696948,0.24175824175824176
ink,0.8,-0.06473916693039677,0.05107436811102964,-0.1612147534717263,0.03338495616889017,0.22577422577422576
ink,0.8500000000000001,-0.06245594808796118,0.05594877513770818,-0.1716637304507532,0.04977721094115314,0.3336663336663337
ink,0.9,-0.060605700543929504,0.06644490220178906,-0.1908605999596749,0.06825426702417106,0.40559440559440557
ink,0.9500000000000001,-0.059188424297131254,0.07832741975587613,-0.20738421787550526,0.09244081712506078,0.5054945054945055
ink,1,-0.058204119348849837,0.0894952151603355,-0.231395719755274,0.11567417684196828,0.5714285714285714
ink,1.05,-0.057652785698368014,0.09900320698854331,-0.24700563749022061,0.13680203299014151,0.6333666333666333
ink,1.1,-0.057534423345666705,0.10640360311784894,-0.26412583396972505,0.15235818640890872,0.6553446553446554
ink,1.15,-0.05784903229107508,0.11146847450581411,-0.26809454990989134,0.16078331572531493,0.6773226773226774
ink,1.2000000000000002,-0.058596612534112885,0.1140763052592392,-0.2769983092903645,0.16530085161918795,0.6833166833166833
ink,1.25,-0.05977716407546875,0.11416345804334156,-0.2760908585978818,0.16250342180839275,0.6773226773226774
ink,1.3,-0.06139068691405805,0.11170340569780096,-0.2737221196364534,0.15419824072168906,0.6533466533466533
ink,1.35,-0.0634371810513677,0.10670032627448578,-0.26545452966924726,0.14193593590808112,0.6253746253746254
ink,1.4,-0.06591664648577886,0.09919397620896034,-0.2536824840439555,0.12558306753426565,0.5694305694305695
ink,1.4500000000000002,-0.06882908321869327,0.08928081772308395,-0.23748030458440658,0.10377881495159176,0.4975024975024975
ink,1.5,-0.07215243161096593,0.07729301558221513,-0.21970099364841306,0.07739469843759417,0.40559440559440557
ink,1.5500000000000003,-0.07549411152251029,0.0657433118653123,-0.20170662021049587,0.049933954031491805,0.3076923076923077
ink,1.6,-0.0787095172852168,0.05581422193645445,-0.18204366160395186,0.02940796013999478,0.1998001998001998
ink,1.65,-0.08179864889952682,0.048053408555334444,-0.17038375757096055,0.011132191505895978,0.0919080919080919
ink,1.7000000000000002,-0.08476150636546656,0.043144111484733946,-0.16597671187277163,-0.0023382683755100464,0.03596403596403597
ink,1.75,-0.08759808968238958,0.041609370671254906,-0.17068536953050029,-0.012717970080045908,0.029970029970029972
ink,1.8000000000000003,-0.09030839885147987,0.04335783690554565,-0.17680472353805607,-0.013166435573988779,0.03996003996003996
ink,1.85,-0.09289243387159996,0.04764276848257681,-0.18745947142912686,-0.004049467951390463,0.03596403596403597
ink,1.9,-0.09535019474344358,0.05353132077007199,-0.20381063433357074,-4.047863665404902e-4,0.05194805194805195
ink,1.9500000000000002,-0.09768168146658818,0.060277803202797145,-0.21896373374833214,0.011457278674676802,0.08191808191808192
ink,2,-0.0998868940414929,0.06738848766446938,-0.23679973511250163,0.02064529157256524,0.12787212787212787
bracelet,0.4,-0.3689467845749666,0.15007164993755426,-0.6947114297628657,-0.0996891428102553,0.011988011988011988
bracelet,0.45,-0.3552575470748809,0.13784263752301404,-0.6518747277041889,-0.10795297562075087,0.007992007992007992
bracelet,0.5,-0.339381507628361,0.12385954491486686,-0.603680866003258,-0.11794149967445897,0.003996003996003996
bracelet,0.55,-0.32131866623578076,0.10831172167139116,-0.5518570075756934,-0.12807544656049558,0.001998001998001998
bracelet,0.6000000000000001,-0.3010690228970675,0.0915717286983999,-0.49880829491606266,-0.14340478642747576,0.001998001998001998
bracelet,0.65,-0.2786325776117599,0.07445147516035487,-0.4369754354751783,-0.1483013866597937,0.001998001998001998
bracelet,0.7000000000000001,-0.25400933038113244,0.0589087828818688,-0.3815927997685743,-0.14633443811769187,0.001998001998001998
bracelet,0.75,-0.227336264727423,0.04959642576793778,-0.33142926966916786,-0.13118233523135794,0.001998001998001998
bracelet,0.8,-0.20119305168104942,0.051389666512069485,-0.29753482528100644,-0.08906407156808413,0.001998001998001998
bracelet,0.8500000000000001,-0.1765580552832994,0.06064578259952002,-0.28112305539139965,-0.05190121422155896,0.007992007992007992
bracelet,0.9,-0.1534312755339594,0.07219532863213052,-0.28433989278509125,-0.005854648823603009,0.03996003996003996
bracelet,0.9500000000000001,-0.13181271243148016,0.08329078470659845,-0.2857180871766424,0.037922662641668825,0.13786213786213786
bracelet,1,-0.11170236597800494,0.0927337323781458,-0.2863428880191962,0.07919848242647179,0.26373626373626374
bracelet,1.05,-0.09310023617208651,0.0999858754304955,-0.28368495505962243,0.11348888780782157,0.38961038961038963
bracelet,1.1,-0.07600632301386043,0.10479053848471494,-0.2796959156391125,0.14264908841303564,0.5154845154845155
bracelet,1.15,-0.060420626504100704,0.10702511164447555,-0.27155563105733604,0.16180431172173862,0.6213786213786214
bracelet,1.2000000000000002,-0.046343146641710554,0.10664279217419331,-0.2589807394518672,0.1762255312713053,0.7172827172827173
bracelet,1.25,-0.03377388342726498,0.10365287569634242,-0.24248070329722396,0.1875234270989939,0.8271728271728271
bracelet,1.3,-0.02271283686011794,0.09812429722041732,-0.21990688311314702,0.18005557439415654,0.8971028971028971
bracelet,1.35,-0.013160006942238983,0.09021495271623767,-0.1941046679477252,0.16970240437177014,0.951048951048951
bracelet,1.4,-0.0051153936703293434,0.08024990173889185,-0.16646766921666062,0.15761244780699776,0.993006993006993
bracelet,1.4500000000000002,0.0014210029522074216,0.06891825361038653,-0.14063770466304915,0.13480398099102303,0.973026973026973
bracelet,1.5,0.006501873646097472,0.05786283451511153,-0.11279741937615483,0.11897956011803851,0.913086913086913
bracelet,1.5500000000000003,0.011064918723098408,0.05124060083434272,-0.09992571625313622,0.10579565195018033,0.8591408591408591
bracelet,1.6,0.015455537162555932,0.05104590260940243,-0.10412959061535189,0.09628802229375404,0.8231768231768232
bracelet,1.65,0.019673728963900135,0.056659821658412185,-0.12222129978643846,0.09776237912011795,0.7472527472527473
bracelet,1.7000000000000002,0.023719494127386304,0.06606504260234994,-0.1480594062027998,0.10728547729077738,0.7192807192807192
bracelet,1.75,0.027592832653938047,0.07743738662549726,-0.17516192206735168,0.125398733153164,0.7252747252747253
bracelet,1.8000000000000003,0.03129374454127793,0.08965142446179994,-0.19689402976971795,0.143677786097338,0.7432567432567433
bracelet,1.85,0.03482222979178356,0.10208480214071648,-0.22449267066190054,0.16428125373575675,0.7312687312687313
bracelet,1.9,0.03817828840368746,0.11439243704986052,-0.25003378450349534,0.18804206153687944,0.7392607392607392
bracelet,1.9500000000000002,0.04136192037836957,0.1263752534611901,-0.27592415501423734,0.21054429612175174,0.7592407592407593
bracelet,2,0.04437312571492833,0.13791285104436907,-0.3012768077880714,0.2323803324731689,0.7692307692307693
