"replicate","seed","attempts","elapsed_seconds","weight_file","mode_csv","gq_csv"
1,20260803,1,35.8375940322876,"/project/akaring/takeup-data/data/stan_analysis_data/main-core-bootstrap-input/cluster-weights/multinomial/weights-0001.csv","/project/akaring/takeup-data/data/stan_analysis_data/main-core-weighted-modes/multinomial-0001/mode-multinomial-0001-1.csv","/project/akaring/takeup-data/data/stan_analysis_data/main-core-weighted-modes/multinomial-0001/compact-gq-multinomial-0001-1.csv"
2,20260804,1,92.4982378482819,"/project/akaring/takeup-data/data/stan_analysis_data/main-core-bootstrap-input/cluster-weights/multinomial/weights-0002.csv","/project/akaring/takeup-data/data/stan_analysis_data/main-core-weighted-modes/multinomial-0002/mode-multinomial-0002-1.csv","/project/akaring/takeup-data/data/stan_analysis_data/main-core-weighted-modes/multinomial-0002/compact-gq-multinomial-0002-1.csv"
3,20260805,1,30.3274292945862,"/project/akaring/takeup-data/data/stan_analysis_data/main-core-bootstrap-input/cluster-weights/multinomial/weights-0003.csv","/project/akaring/takeup-data/data/stan_analysis_data/main-core-weighted-modes/multinomial-0003/mode-multinomial-0003-1.csv","/project/akaring/takeup-data/data/stan_analysis_data/main-core-weighted-modes/multinomial-0003/compact-gq-multinomial-0003-1.csv"
4,20260806,1,26.1761856079102,"/project/akaring/takeup-data/data/stan_analysis_data/main-core-bootstrap-input/cluster-weights/multinomial/weights-0004.csv","/project/akaring/takeup-data/data/stan_analysis_data/main-core-weighted-modes/multinomial-0004/mode-multinomial-0004-1.csv","/project/akaring/takeup-data/data/stan_analysis_data/main-core-weighted-modes/multinomial-0004/compact-gq-multinomial-0004-1.csv"
5,20260807,1,25.711864233017,"/project/akaring/takeup-data/data/stan_analysis_data/main-core-bootstrap-input/cluster-weights/multinomial/weights-0005.csv","/project/akaring/takeup-data/data/stan_analysis_data/main-core-weighted-modes/multinomial-0005/mode-multinomial-0005-1.csv","/project/akaring/takeup-data/data/stan_analysis_data/main-core-weighted-modes/multinomial-0005/compact-gq-multinomial-0005-1.csv"
6,20260808,1,26.3054072856903,"/project/akaring/takeup-data/data/stan_analysis_data/main-core-bootstrap-input/cluster-weights/multinomial/weights-0006.csv","/project/akaring/takeup-data/data/stan_analysis_data/main-core-weighted-modes/multinomial-0006/mode-multinomial-0006-1.csv","/project/akaring/takeup-data/data/stan_analysis_data/main-core-weighted-modes/multinomial-0006/compact-gq-multinomial-0006-1.csv"
7,20260809,1,88.6610150337219,"/project/akaring/takeup-data/data/stan_analysis_data/main-core-bootstrap-input/cluster-weights/multinomial/weights-0007.csv","/project/akaring/takeup-data/data/stan_analysis_data/main-core-weighted-modes/multinomial-0007/mode-multinomial-0007-1.csv","/project/akaring/takeup-data/data/stan_analysis_data/main-core-weighted-modes/multinomial-0007/compact-gq-multinomial-0007-1.csv"
8,20260810,1,31.169495344162,"/project/akaring/takeup-data/data/stan_analysis_data/main-core-bootstrap-input/cluster-weights/multinomial/weights-0008.csv","/project/akaring/takeup-data/data/stan_analysis_data/main-core-weighted-modes/multinomial-0008/mode-multinomial-0008-1.csv","/project/akaring/takeup-data/data/stan_analysis_data/main-core-weighted-modes/multinomial-0008/compact-gq-multinomial-0008-1.csv"
9,20260811,1,30.7899117469788,"/project/akaring/takeup-data/data/stan_analysis_data/main-core-bootstrap-input/cluster-weights/multinomial/weights-0009.csv","/project/akaring/takeup-data/data/stan_analysis_data/main-core-weighted-modes/multinomial-0009/mode-multinomial-0009-1.csv","/project/akaring/takeup-data/data/stan_analysis_data/main-core-weighted-modes/multinomial-0009/compact-gq-multinomial-0009-1.csv"
10,20260812,1,31.8110983371735,"/project/akaring/takeup-data/data/stan_analysis_data/main-core-bootstrap-input/cluster-weights/multinomial/weights-0010.csv","/project/akaring/takeup-data/data/stan_analysis_data/main-core-weighted-modes/multinomial-0010/mode-multinomial-0010-1.csv","/project/akaring/takeup-data/data/stan_analysis_data/main-core-weighted-modes/multinomial-0010/compact-gq-multinomial-0010-1.csv"
11,20260813,1,36.5017056465149,"/project/akaring/takeup-data/data/stan_analysis_data/main-core-bootstrap-input/cluster-weights/multinomial/weights-0011.csv","/project/akaring/takeup-data/data/stan_analysis_data/main-core-weighted-modes/multinomial-0011/mode-multinomial-0011-1.csv","/project/akaring/takeup-data/data/stan_analysis_data/main-core-weighted-modes/multinomial-0011/compact-gq-multinomial-0011-1.csv"
12,20260814,1,42.6026787757874,"/project/akaring/takeup-data/data/stan_analysis_data/main-core-bootstrap-input/cluster-weights/multinomial/weights-0012.csv","/project/akaring/takeup-data/data/stan_analysis_data/main-core-weighted-modes/multinomial-0012/mode-multinomial-0012-1.csv","/project/akaring/takeup-data/data/stan_analysis_data/main-core-weighted-modes/multinomial-0012/compact-gq-multinomial-0012-1.csv"
13,20260815,1,31.7668659687042,"/project/akaring/takeup-data/data/stan_analysis_data/main-core-bootstrap-input/cluster-weights/multinomial/weights-0013.csv","/project/akaring/takeup-data/data/stan_analysis_data/main-core-weighted-modes/multinomial-0013/mode-multinomial-0013-1.csv","/project/akaring/takeup-data/data/stan_analysis_data/main-core-weighted-modes/multinomial-0013/compact-gq-multinomial-0013-1.csv"
14,20260816,1,35.6136341094971,"/project/akaring/takeup-data/data/stan_analysis_data/main-core-bootstrap-input/cluster-weights/multinomial/weights-0014.csv","/project/akaring/takeup-data/data/stan_analysis_data/main-core-weighted-modes/multinomial-0014/mode-multinomial-0014-1.csv","/project/akaring/takeup-data/data/stan_analysis_data/main-core-weighted-modes/multinomial-0014/compact-gq-multinomial-0014-1.csv"
15,20260817,1,35.7821526527405,"/project/akaring/takeup-data/data/stan_analysis_data/main-core-bootstrap-input/cluster-weights/multinomial/weights-0015.csv","/project/akaring/takeup-data/data/stan_analysis_data/main-core-weighted-modes/multinomial-0015/mode-multinomial-0015-1.csv","/project/akaring/takeup-data/data/stan_analysis_data/main-core-weighted-modes/multinomial-0015/compact-gq-multinomial-0015-1.csv"
16,20260818,1,35.7111372947693,"/project/akaring/takeup-data/data/stan_analysis_data/main-core-bootstrap-input/cluster-weights/multinomial/weights-0016.csv","/project/akaring/takeup-data/data/stan_analysis_data/main-core-weighted-modes/multinomial-0016/mode-multinomial-0016-1.csv","/project/akaring/takeup-data/data/stan_analysis_data/main-core-weighted-modes/multinomial-0016/compact-gq-multinomial-0016-1.csv"
17,20260819,1,35.4883375167847,"/project/akaring/takeup-data/data/stan_analysis_data/main-core-bootstrap-input/cluster-weights/multinomial/weights-0017.csv","/project/akaring/takeup-data/data/stan_analysis_data/main-core-weighted-modes/multinomial-0017/mode-multinomial-0017-1.csv","/project/akaring/takeup-data/data/stan_analysis_data/main-core-weighted-modes/multinomial-0017/compact-gq-multinomial-0017-1.csv"
18,20260820,1,35.5388212203979,"/project/akaring/takeup-data/data/stan_analysis_data/main-core-bootstrap-input/cluster-weights/multinomial/weights-0018.csv","/project/akaring/takeup-data/data/stan_analysis_data/main-core-weighted-modes/multinomial-0018/mode-multinomial-0018-1.csv","/project/akaring/takeup-data/data/stan_analysis_data/main-core-weighted-modes/multinomial-0018/compact-gq-multinomial-0018-1.csv"
19,20260821,1,35.5736258029938,"/project/akaring/takeup-data/data/stan_analysis_data/main-core-bootstrap-input/cluster-weights/multinomial/weights-0019.csv","/project/akaring/takeup-data/data/stan_analysis_data/main-core-weighted-modes/multinomial-0019/mode-multinomial-0019-1.csv","/project/akaring/takeup-data/data/stan_analysis_data/main-core-weighted-modes/multinomial-0019/compact-gq-multinomial-0019-1.csv"
20,20260822,1,30.5772898197174,"/project/akaring/takeup-data/data/stan_analysis_data/main-core-bootstrap-input/cluster-weights/multinomial/weights-0020.csv","/project/akaring/takeup-data/data/stan_analysis_data/main-core-weighted-modes/multinomial-0020/mode-multinomial-0020-1.csv","/project/akaring/takeup-data/data/stan_analysis_data/main-core-weighted-modes/multinomial-0020/compact-gq-multinomial-0020-1.csv"
21,20260823,1,30.9893751144409,"/project/akaring/takeup-data/data/stan_analysis_data/main-core-bootstrap-input/cluster-weights/multinomial/weights-0021.csv","/project/akaring/takeup-data/data/stan_analysis_data/main-core-weighted-modes/multinomial-0021/mode-multinomial-0021-1.csv","/project/akaring/takeup-data/data/stan_analysis_data/main-core-weighted-modes/multinomial-0021/compact-gq-multinomial-0021-1.csv"
22,20260824,1,31.4243993759155,"/project/akaring/takeup-data/data/stan_analysis_data/main-core-bootstrap-input/cluster-weights/multinomial/weights-0022.csv","/project/akaring/takeup-data/data/stan_analysis_data/main-core-weighted-modes/multinomial-0022/mode-multinomial-0022-1.csv","/project/akaring/takeup-data/data/stan_analysis_data/main-core-weighted-modes/multinomial-0022/compact-gq-multinomial-0022-1.csv"
23,20260825,1,35.567419052124,"/project/akaring/takeup-data/data/stan_analysis_data/main-core-bootstrap-input/cluster-weights/multinomial/weights-0023.csv","/project/akaring/takeup-data/data/stan_analysis_data/main-core-weighted-modes/multinomial-0023/mode-multinomial-0023-1.csv","/project/akaring/takeup-data/data/stan_analysis_data/main-core-weighted-modes/multinomial-0023/compact-gq-multinomial-0023-1.csv"
24,20260826,1,35.7231731414795,"/project/akaring/takeup-data/data/stan_analysis_data/main-core-bootstrap-input/cluster-weights/multinomial/weights-0024.csv","/project/akaring/takeup-data/data/stan_analysis_data/main-core-weighted-modes/multinomial-0024/mode-multinomial-0024-1.csv","/project/akaring/takeup-data/data/stan_analysis_data/main-core-weighted-modes/multinomial-0024/compact-gq-multinomial-0024-1.csv"
25,20260827,1,35.9304842948914,"/project/akaring/takeup-data/data/stan_analysis_data/main-core-bootstrap-input/cluster-weights/multinomial/weights-0025.csv","/project/akaring/takeup-data/data/stan_analysis_data/main-core-weighted-modes/multinomial-0025/mode-multinomial-0025-1.csv","/project/akaring/takeup-data/data/stan_analysis_data/main-core-weighted-modes/multinomial-0025/compact-gq-multinomial-0025-1.csv"
26,20260828,1,39.0237748622894,"/project/akaring/takeup-data/data/stan_analysis_data/main-core-bootstrap-input/cluster-weights/multinomial/weights-0026.csv","/project/akaring/takeup-data/data/stan_analysis_data/main-core-weighted-modes/multinomial-0026/mode-multinomial-0026-1.csv","/project/akaring/takeup-data/data/stan_analysis_data/main-core-weighted-modes/multinomial-0026/compact-gq-multinomial-0026-1.csv"
27,20260829,1,39.230352640152,"/project/akaring/takeup-data/data/stan_analysis_data/main-core-bootstrap-input/cluster-weights/multinomial/weights-0027.csv","/project/akaring/takeup-data/data/stan_analysis_data/main-core-weighted-modes/multinomial-0027/mode-multinomial-0027-1.csv","/project/akaring/takeup-data/data/stan_analysis_data/main-core-weighted-modes/multinomial-0027/compact-gq-multinomial-0027-1.csv"
28,20260830,1,38.8863236904144,"/project/akaring/takeup-data/data/stan_analysis_data/main-core-bootstrap-input/cluster-weights/multinomial/weights-0028.csv","/project/akaring/takeup-data/data/stan_analysis_data/main-core-weighted-modes/multinomial-0028/mode-multinomial-0028-1.csv","/project/akaring/takeup-data/data/stan_analysis_data/main-core-weighted-modes/multinomial-0028/compact-gq-multinomial-0028-1.csv"
29,20260831,1,31.8685636520386,"/project/akaring/takeup-data/data/stan_analysis_data/main-core-bootstrap-input/cluster-weights/multinomial/weights-0029.csv","/project/akaring/takeup-data/data/stan_analysis_data/main-core-weighted-modes/multinomial-0029/mode-multinomial-0029-1.csv","/project/akaring/takeup-data/data/stan_analysis_data/main-core-weighted-modes/multinomial-0029/compact-gq-multinomial-0029-1.csv"
30,20260832,1,47.6376843452454,"/project/akaring/takeup-data/data/stan_analysis_data/main-core-bootstrap-input/cluster-weights/multinomial/weights-0030.csv","/project/akaring/takeup-data/data/stan_analysis_data/main-core-weighted-modes/multinomial-0030/mode-multinomial-0030-1.csv","/project/akaring/takeup-data/data/stan_analysis_data/main-core-weighted-modes/multinomial-0030/compact-gq-multinomial-0030-1.csv"
31,20260833,1,27.1104066371918,"/project/akaring/takeup-data/data/stan_analysis_data/main-core-bootstrap-input/cluster-weights/multinomial/weights-0031.csv","/project/akaring/takeup-data/data/stan_analysis_data/main-core-weighted-modes/multinomial-0031/mode-multinomial-0031-1.csv","/project/akaring/takeup-data/data/stan_analysis_data/main-core-weighted-modes/multinomial-0031/compact-gq-multinomial-0031-1.csv"
32,20260834,1,27.0954346656799,"/project/akaring/takeup-data/data/stan_analysis_data/main-core-bootstrap-input/cluster-weights/multinomial/weights-0032.csv","/project/akaring/takeup-data/data/stan_analysis_data/main-core-weighted-modes/multinomial-0032/mode-multinomial-0032-1.csv","/project/akaring/takeup-data/data/stan_analysis_data/main-core-weighted-modes/multinomial-0032/compact-gq-multinomial-0032-1.csv"
33,20260835,1,65.5727314949036,"/project/akaring/takeup-data/data/stan_analysis_data/main-core-bootstrap-input/cluster-weights/multinomial/weights-0033.csv","/project/akaring/takeup-data/data/stan_analysis_data/main-core-weighted-modes/multinomial-0033/mode-multinomial-0033-1.csv","/project/akaring/takeup-data/data/stan_analysis_data/main-core-weighted-modes/multinomial-0033/compact-gq-multinomial-0033-1.csv"
34,20260836,1,63.4104266166687,"/project/akaring/takeup-data/data/stan_analysis_data/main-core-bootstrap-input/cluster-weights/multinomial/weights-0034.csv","/project/akaring/takeup-data/data/stan_analysis_data/main-core-weighted-modes/multinomial-0034/mode-multinomial-0034-1.csv","/project/akaring/takeup-data/data/stan_analysis_data/main-core-weighted-modes/multinomial-0034/compact-gq-multinomial-0034-1.csv"
35,20260837,1,63.4775855541229,"/project/akaring/takeup-data/data/stan_analysis_data/main-core-bootstrap-input/cluster-weights/multinomial/weights-0035.csv","/project/akaring/takeup-data/data/stan_analysis_data/main-core-weighted-modes/multinomial-0035/mode-multinomial-0035-1.csv","/project/akaring/takeup-data/data/stan_analysis_data/main-core-weighted-modes/multinomial-0035/compact-gq-multinomial-0035-1.csv"
36,20260838,1,31.2178518772125,"/project/akaring/takeup-data/data/stan_analysis_data/main-core-bootstrap-input/cluster-weights/multinomial/weights-0036.csv","/project/akaring/takeup-data/data/stan_analysis_data/main-core-weighted-modes/multinomial-0036/mode-multinomial-0036-1.csv","/project/akaring/takeup-data/data/stan_analysis_data/main-core-weighted-modes/multinomial-0036/compact-gq-multinomial-0036-1.csv"
37,20260839,1,68.1459746360779,"/project/akaring/takeup-data/data/stan_analysis_data/main-core-bootstrap-input/cluster-weights/multinomial/weights-0037.csv","/project/akaring/takeup-data/data/stan_analysis_data/main-core-weighted-modes/multinomial-0037/mode-multinomial-0037-1.csv","/project/akaring/takeup-data/data/stan_analysis_data/main-core-weighted-modes/multinomial-0037/compact-gq-multinomial-0037-1.csv"
38,20260840,1,26.8177211284637,"/project/akaring/takeup-data/data/stan_analysis_data/main-core-bootstrap-input/cluster-weights/multinomial/weights-0038.csv","/project/akaring/takeup-data/data/stan_analysis_data/main-core-weighted-modes/multinomial-0038/mode-multinomial-0038-1.csv","/project/akaring/takeup-data/data/stan_analysis_data/main-core-weighted-modes/multinomial-0038/compact-gq-multinomial-0038-1.csv"
39,20260841,1,31.0546488761902,"/project/akaring/takeup-data/data/stan_analysis_data/main-core-bootstrap-input/cluster-weights/multinomial/weights-0039.csv","/project/akaring/takeup-data/data/stan_analysis_data/main-core-weighted-modes/multinomial-0039/mode-multinomial-0039-1.csv","/project/akaring/takeup-data/data/stan_analysis_data/main-core-weighted-modes/multinomial-0039/compact-gq-multinomial-0039-1.csv"
40,20260842,1,67.5210113525391,"/project/akaring/takeup-data/data/stan_analysis_data/main-core-bootstrap-input/cluster-weights/multinomial/weights-0040.csv","/project/akaring/takeup-data/data/stan_analysis_data/main-core-weighted-modes/multinomial-0040/mode-multinomial-0040-1.csv","/project/akaring/takeup-data/data/stan_analysis_data/main-core-weighted-modes/multinomial-0040/compact-gq-multinomial-0040-1.csv"
41,20260843,1,34.6645319461823,"/project/akaring/takeup-data/data/stan_analysis_data/main-core-bootstrap-input/cluster-weights/multinomial/weights-0041.csv","/project/akaring/takeup-data/data/stan_analysis_data/main-core-weighted-modes/multinomial-0041/mode-multinomial-0041-1.csv","/project/akaring/takeup-data/data/stan_analysis_data/main-core-weighted-modes/multinomial-0041/compact-gq-multinomial-0041-1.csv"
42,20260844,1,61.618105173111,"/project/akaring/takeup-data/data/stan_analysis_data/main-core-bootstrap-input/cluster-weights/multinomial/weights-0042.csv","/project/akaring/takeup-data/data/stan_analysis_data/main-core-weighted-modes/multinomial-0042/mode-multinomial-0042-1.csv","/project/akaring/takeup-data/data/stan_analysis_data/main-core-weighted-modes/multinomial-0042/compact-gq-multinomial-0042-1.csv"
43,20260845,1,61.7380805015564,"/project/akaring/takeup-data/data/stan_analysis_data/main-core-bootstrap-input/cluster-weights/multinomial/weights-0043.csv","/project/akaring/takeup-data/data/stan_analysis_data/main-core-weighted-modes/multinomial-0043/mode-multinomial-0043-1.csv","/project/akaring/takeup-data/data/stan_analysis_data/main-core-weighted-modes/multinomial-0043/compact-gq-multinomial-0043-1.csv"
44,20260846,1,61.8464019298553,"/project/akaring/takeup-data/data/stan_analysis_data/main-core-bootstrap-input/cluster-weights/multinomial/weights-0044.csv","/project/akaring/takeup-data/data/stan_analysis_data/main-core-weighted-modes/multinomial-0044/mode-multinomial-0044-1.csv","/project/akaring/takeup-data/data/stan_analysis_data/main-core-weighted-modes/multinomial-0044/compact-gq-multinomial-0044-1.csv"
45,20260847,1,60.8963363170624,"/project/akaring/takeup-data/data/stan_analysis_data/main-core-bootstrap-input/cluster-weights/multinomial/weights-0045.csv","/project/akaring/takeup-data/data/stan_analysis_data/main-core-weighted-modes/multinomial-0045/mode-multinomial-0045-1.csv","/project/akaring/takeup-data/data/stan_analysis_data/main-core-weighted-modes/multinomial-0045/compact-gq-multinomial-0045-1.csv"
46,20260848,1,30.839168548584,"/project/akaring/takeup-data/data/stan_analysis_data/main-core-bootstrap-input/cluster-weights/multinomial/weights-0046.csv","/project/akaring/takeup-data/data/stan_analysis_data/main-core-weighted-modes/multinomial-0046/mode-multinomial-0046-1.csv","/project/akaring/takeup-data/data/stan_analysis_data/main-core-weighted-modes/multinomial-0046/compact-gq-multinomial-0046-1.csv"
47,20260849,1,37.0002341270447,"/project/akaring/takeup-data/data/stan_analysis_data/main-core-bootstrap-input/cluster-weights/multinomial/weights-0047.csv","/project/akaring/takeup-data/data/stan_analysis_data/main-core-weighted-modes/multinomial-0047/mode-multinomial-0047-1.csv","/project/akaring/takeup-data/data/stan_analysis_data/main-core-weighted-modes/multinomial-0047/compact-gq-multinomial-0047-1.csv"
48,20260850,1,32.7191865444183,"/project/akaring/takeup-data/data/stan_analysis_data/main-core-bootstrap-input/cluster-weights/multinomial/weights-0048.csv","/project/akaring/takeup-data/data/stan_analysis_data/main-core-weighted-modes/multinomial-0048/mode-multinomial-0048-1.csv","/project/akaring/takeup-data/data/stan_analysis_data/main-core-weighted-modes/multinomial-0048/compact-gq-multinomial-0048-1.csv"
49,20260851,1,30.5032696723938,"/project/akaring/takeup-data/data/stan_analysis_data/main-core-bootstrap-input/cluster-weights/multinomial/weights-0049.csv","/project/akaring/takeup-data/data/stan_analysis_data/main-core-weighted-modes/multinomial-0049/mode-multinomial-0049-1.csv","/project/akaring/takeup-data/data/stan_analysis_data/main-core-weighted-modes/multinomial-0049/compact-gq-multinomial-0049-1.csv"
50,20260852,1,52.7684688568115,"/project/akaring/takeup-data/data/stan_analysis_data/main-core-bootstrap-input/cluster-weights/multinomial/weights-0050.csv","/project/akaring/takeup-data/data/stan_analysis_data/main-core-weighted-modes/multinomial-0050/mode-multinomial-0050-1.csv","/project/akaring/takeup-data/data/stan_analysis_data/main-core-weighted-modes/multinomial-0050/compact-gq-multinomial-0050-1.csv"
51,20260853,1,61.9373662471771,"/project/akaring/takeup-data/data/stan_analysis_data/main-core-bootstrap-input/cluster-weights/multinomial/weights-0051.csv","/project/akaring/takeup-data/data/stan_analysis_data/main-core-weighted-modes/multinomial-0051/mode-multinomial-0051-1.csv","/project/akaring/takeup-data/data/stan_analysis_data/main-core-weighted-modes/multinomial-0051/compact-gq-multinomial-0051-1.csv"
52,20260854,1,30.7941410541534,"/project/akaring/takeup-data/data/stan_analysis_data/main-core-bootstrap-input/cluster-weights/multinomial/weights-0052.csv","/project/akaring/takeup-data/data/stan_analysis_data/main-core-weighted-modes/multinomial-0052/mode-multinomial-0052-1.csv","/project/akaring/takeup-data/data/stan_analysis_data/main-core-weighted-modes/multinomial-0052/compact-gq-multinomial-0052-1.csv"
53,20260855,1,30.720760345459,"/project/akaring/takeup-data/data/stan_analysis_data/main-core-bootstrap-input/cluster-weights/multinomial/weights-0053.csv","/project/akaring/takeup-data/data/stan_analysis_data/main-core-weighted-modes/multinomial-0053/mode-multinomial-0053-1.csv","/project/akaring/takeup-data/data/stan_analysis_data/main-core-weighted-modes/multinomial-0053/compact-gq-multinomial-0053-1.csv"
54,20260856,1,30.9307112693787,"/project/akaring/takeup-data/data/stan_analysis_data/main-core-bootstrap-input/cluster-weights/multinomial/weights-0054.csv","/project/akaring/takeup-data/data/stan_analysis_data/main-core-weighted-modes/multinomial-0054/mode-multinomial-0054-1.csv","/project/akaring/takeup-data/data/stan_analysis_data/main-core-weighted-modes/multinomial-0054/compact-gq-multinomial-0054-1.csv"
55,20260857,1,31.7873618602753,"/project/akaring/takeup-data/data/stan_analysis_data/main-core-bootstrap-input/cluster-weights/multinomial/weights-0055.csv","/project/akaring/takeup-data/data/stan_analysis_data/main-core-weighted-modes/multinomial-0055/mode-multinomial-0055-1.csv","/project/akaring/takeup-data/data/stan_analysis_data/main-core-weighted-modes/multinomial-0055/compact-gq-multinomial-0055-1.csv"
56,20260858,1,30.8394117355347,"/project/akaring/takeup-data/data/stan_analysis_data/main-core-bootstrap-input/cluster-weights/multinomial/weights-0056.csv","/project/akaring/takeup-data/data/stan_analysis_data/main-core-weighted-modes/multinomial-0056/mode-multinomial-0056-1.csv","/project/akaring/takeup-data/data/stan_analysis_data/main-core-weighted-modes/multinomial-0056/compact-gq-multinomial-0056-1.csv"
57,20260859,1,59.1826028823853,"/project/akaring/takeup-data/data/stan_analysis_data/main-core-bootstrap-input/cluster-weights/multinomial/weights-0057.csv","/project/akaring/takeup-data/data/stan_analysis_data/main-core-weighted-modes/multinomial-0057/mode-multinomial-0057-1.csv","/project/akaring/takeup-data/data/stan_analysis_data/main-core-weighted-modes/multinomial-0057/compact-gq-multinomial-0057-1.csv"
58,20260860,1,58.979968547821,"/project/akaring/takeup-data/data/stan_analysis_data/main-core-bootstrap-input/cluster-weights/multinomial/weights-0058.csv","/project/akaring/takeup-data/data/stan_analysis_data/main-core-weighted-modes/multinomial-0058/mode-multinomial-0058-1.csv","/project/akaring/takeup-data/data/stan_analysis_data/main-core-weighted-modes/multinomial-0058/compact-gq-multinomial-0058-1.csv"
59,20260861,1,30.6809816360474,"/project/akaring/takeup-data/data/stan_analysis_data/main-core-bootstrap-input/cluster-weights/multinomial/weights-0059.csv","/project/akaring/takeup-data/data/stan_analysis_data/main-core-weighted-modes/multinomial-0059/mode-multinomial-0059-1.csv","/project/akaring/takeup-data/data/stan_analysis_data/main-core-weighted-modes/multinomial-0059/compact-gq-multinomial-0059-1.csv"
60,20260862,1,59.4019765853882,"/project/akaring/takeup-data/data/stan_analysis_data/main-core-bootstrap-input/cluster-weights/multinomial/weights-0060.csv","/project/akaring/takeup-data/data/stan_analysis_data/main-core-weighted-modes/multinomial-0060/mode-multinomial-0060-1.csv","/project/akaring/takeup-data/data/stan_analysis_data/main-core-weighted-modes/multinomial-0060/compact-gq-multinomial-0060-1.csv"
61,20260863,1,95.7135353088379,"/project/akaring/takeup-data/data/stan_analysis_data/main-core-bootstrap-input/cluster-weights/multinomial/weights-0061.csv","/project/akaring/takeup-data/data/stan_analysis_data/main-core-weighted-modes/multinomial-0061/mode-multinomial-0061-1.csv","/project/akaring/takeup-data/data/stan_analysis_data/main-core-weighted-modes/multinomial-0061/compact-gq-multinomial-0061-1.csv"
62,20260864,1,51.1084125041962,"/project/akaring/takeup-data/data/stan_analysis_data/main-core-bootstrap-input/cluster-weights/multinomial/weights-0062.csv","/project/akaring/takeup-data/data/stan_analysis_data/main-core-weighted-modes/multinomial-0062/mode-multinomial-0062-1.csv","/project/akaring/takeup-data/data/stan_analysis_data/main-core-weighted-modes/multinomial-0062/compact-gq-multinomial-0062-1.csv"
63,20260865,1,30.6341259479523,"/project/akaring/takeup-data/data/stan_analysis_data/main-core-bootstrap-input/cluster-weights/multinomial/weights-0063.csv","/project/akaring/takeup-data/data/stan_analysis_data/main-core-weighted-modes/multinomial-0063/mode-multinomial-0063-1.csv","/project/akaring/takeup-data/data/stan_analysis_data/main-core-weighted-modes/multinomial-0063/compact-gq-multinomial-0063-1.csv"
64,20260866,1,38.7169580459595,"/project/akaring/takeup-data/data/stan_analysis_data/main-core-bootstrap-input/cluster-weights/multinomial/weights-0064.csv","/project/akaring/takeup-data/data/stan_analysis_data/main-core-weighted-modes/multinomial-0064/mode-multinomial-0064-1.csv","/project/akaring/takeup-data/data/stan_analysis_data/main-core-weighted-modes/multinomial-0064/compact-gq-multinomial-0064-1.csv"
65,20260867,1,31.6282546520233,"/project/akaring/takeup-data/data/stan_analysis_data/main-core-bootstrap-input/cluster-weights/multinomial/weights-0065.csv","/project/akaring/takeup-data/data/stan_analysis_data/main-core-weighted-modes/multinomial-0065/mode-multinomial-0065-1.csv","/project/akaring/takeup-data/data/stan_analysis_data/main-core-weighted-modes/multinomial-0065/compact-gq-multinomial-0065-1.csv"
66,20260868,1,51.1950304508209,"/project/akaring/takeup-data/data/stan_analysis_data/main-core-bootstrap-input/cluster-weights/multinomial/weights-0066.csv","/project/akaring/takeup-data/data/stan_analysis_data/main-core-weighted-modes/multinomial-0066/mode-multinomial-0066-1.csv","/project/akaring/takeup-data/data/stan_analysis_data/main-core-weighted-modes/multinomial-0066/compact-gq-multinomial-0066-1.csv"
67,20260869,1,49.2307395935059,"/project/akaring/takeup-data/data/stan_analysis_data/main-core-bootstrap-input/cluster-weights/multinomial/weights-0067.csv","/project/akaring/takeup-data/data/stan_analysis_data/main-core-weighted-modes/multinomial-0067/mode-multinomial-0067-1.csv","/project/akaring/takeup-data/data/stan_analysis_data/main-core-weighted-modes/multinomial-0067/compact-gq-multinomial-0067-1.csv"
68,20260870,1,30.6510889530182,"/project/akaring/takeup-data/data/stan_analysis_data/main-core-bootstrap-input/cluster-weights/multinomial/weights-0068.csv","/project/akaring/takeup-data/data/stan_analysis_data/main-core-weighted-modes/multinomial-0068/mode-multinomial-0068-1.csv","/project/akaring/takeup-data/data/stan_analysis_data/main-core-weighted-modes/multinomial-0068/compact-gq-multinomial-0068-1.csv"
69,20260871,1,55.5889980792999,"/project/akaring/takeup-data/data/stan_analysis_data/main-core-bootstrap-input/cluster-weights/multinomial/weights-0069.csv","/project/akaring/takeup-data/data/stan_analysis_data/main-core-weighted-modes/multinomial-0069/mode-multinomial-0069-1.csv","/project/akaring/takeup-data/data/stan_analysis_data/main-core-weighted-modes/multinomial-0069/compact-gq-multinomial-0069-1.csv"
70,20260872,1,30.7159955501556,"/project/akaring/takeup-data/data/stan_analysis_data/main-core-bootstrap-input/cluster-weights/multinomial/weights-0070.csv","/project/akaring/takeup-data/data/stan_analysis_data/main-core-weighted-modes/multinomial-0070/mode-multinomial-0070-1.csv","/project/akaring/takeup-data/data/stan_analysis_data/main-core-weighted-modes/multinomial-0070/compact-gq-multinomial-0070-1.csv"
71,20260873,1,30.6509063243866,"/project/akaring/takeup-data/data/stan_analysis_data/main-core-bootstrap-input/cluster-weights/multinomial/weights-0071.csv","/project/akaring/takeup-data/data/stan_analysis_data/main-core-weighted-modes/multinomial-0071/mode-multinomial-0071-1.csv","/project/akaring/takeup-data/data/stan_analysis_data/main-core-weighted-modes/multinomial-0071/compact-gq-multinomial-0071-1.csv"
72,20260874,1,30.8870530128479,"/project/akaring/takeup-data/data/stan_analysis_data/main-core-bootstrap-input/cluster-weights/multinomial/weights-0072.csv","/project/akaring/takeup-data/data/stan_analysis_data/main-core-weighted-modes/multinomial-0072/mode-multinomial-0072-1.csv","/project/akaring/takeup-data/data/stan_analysis_data/main-core-weighted-modes/multinomial-0072/compact-gq-multinomial-0072-1.csv"
73,20260875,1,31.075377702713,"/project/akaring/takeup-data/data/stan_analysis_data/main-core-bootstrap-input/cluster-weights/multinomial/weights-0073.csv","/project/akaring/takeup-data/data/stan_analysis_data/main-core-weighted-modes/multinomial-0073/mode-multinomial-0073-1.csv","/project/akaring/takeup-data/data/stan_analysis_data/main-core-weighted-modes/multinomial-0073/compact-gq-multinomial-0073-1.csv"
74,20260876,1,30.5453858375549,"/project/akaring/takeup-data/data/stan_analysis_data/main-core-bootstrap-input/cluster-weights/multinomial/weights-0074.csv","/project/akaring/takeup-data/data/stan_analysis_data/main-core-weighted-modes/multinomial-0074/mode-multinomial-0074-1.csv","/project/akaring/takeup-data/data/stan_analysis_data/main-core-weighted-modes/multinomial-0074/compact-gq-multinomial-0074-1.csv"
75,20260877,1,55.9506344795227,"/project/akaring/takeup-data/data/stan_analysis_data/main-core-bootstrap-input/cluster-weights/multinomial/weights-0075.csv","/project/akaring/takeup-data/data/stan_analysis_data/main-core-weighted-modes/multinomial-0075/mode-multinomial-0075-1.csv","/project/akaring/takeup-data/data/stan_analysis_data/main-core-weighted-modes/multinomial-0075/compact-gq-multinomial-0075-1.csv"
77,20260879,1,38.9571342468262,"/project/akaring/takeup-data/data/stan_analysis_data/main-core-bootstrap-input/cluster-weights/multinomial/weights-0077.csv","/project/akaring/takeup-data/data/stan_analysis_data/main-core-weighted-modes/multinomial-0077/mode-multinomial-0077-1.csv","/project/akaring/takeup-data/data/stan_analysis_data/main-core-weighted-modes/multinomial-0077/compact-gq-multinomial-0077-1.csv"
78,20260880,1,43.9095854759216,"/project/akaring/takeup-data/data/stan_analysis_data/main-core-bootstrap-input/cluster-weights/multinomial/weights-0078.csv","/project/akaring/takeup-data/data/stan_analysis_data/main-core-weighted-modes/multinomial-0078/mode-multinomial-0078-1.csv","/project/akaring/takeup-data/data/stan_analysis_data/main-core-weighted-modes/multinomial-0078/compact-gq-multinomial-0078-1.csv"
79,20260881,1,27.6817011833191,"/project/akaring/takeup-data/data/stan_analysis_data/main-core-bootstrap-input/cluster-weights/multinomial/weights-0079.csv","/project/akaring/takeup-data/data/stan_analysis_data/main-core-weighted-modes/multinomial-0079/mode-multinomial-0079-1.csv","/project/akaring/takeup-data/data/stan_analysis_data/main-core-weighted-modes/multinomial-0079/compact-gq-multinomial-0079-1.csv"
80,20260882,1,38.6575224399567,"/project/akaring/takeup-data/data/stan_analysis_data/main-core-bootstrap-input/cluster-weights/multinomial/weights-0080.csv","/project/akaring/takeup-data/data/stan_analysis_data/main-core-weighted-modes/multinomial-0080/mode-multinomial-0080-1.csv","/project/akaring/takeup-data/data/stan_analysis_data/main-core-weighted-modes/multinomial-0080/compact-gq-multinomial-0080-1.csv"
81,20260883,1,30.2789335250854,"/project/akaring/takeup-data/data/stan_analysis_data/main-core-bootstrap-input/cluster-weights/multinomial/weights-0081.csv","/project/akaring/takeup-data/data/stan_analysis_data/main-core-weighted-modes/multinomial-0081/mode-multinomial-0081-1.csv","/project/akaring/takeup-data/data/stan_analysis_data/main-core-weighted-modes/multinomial-0081/compact-gq-multinomial-0081-1.csv"
82,20260884,1,31.4448783397675,"/project/akaring/takeup-data/data/stan_analysis_data/main-core-bootstrap-input/cluster-weights/multinomial/weights-0082.csv","/project/akaring/takeup-data/data/stan_analysis_data/main-core-weighted-modes/multinomial-0082/mode-multinomial-0082-1.csv","/project/akaring/takeup-data/data/stan_analysis_data/main-core-weighted-modes/multinomial-0082/compact-gq-multinomial-0082-1.csv"
83,20260885,1,42.599942445755,"/project/akaring/takeup-data/data/stan_analysis_data/main-core-bootstrap-input/cluster-weights/multinomial/weights-0083.csv","/project/akaring/takeup-data/data/stan_analysis_data/main-core-weighted-modes/multinomial-0083/mode-multinomial-0083-1.csv","/project/akaring/takeup-data/data/stan_analysis_data/main-core-weighted-modes/multinomial-0083/compact-gq-multinomial-0083-1.csv"
84,20260886,1,31.5833938121796,"/project/akaring/takeup-data/data/stan_analysis_data/main-core-bootstrap-input/cluster-weights/multinomial/weights-0084.csv","/project/akaring/takeup-data/data/stan_analysis_data/main-core-weighted-modes/multinomial-0084/mode-multinomial-0084-1.csv","/project/akaring/takeup-data/data/stan_analysis_data/main-core-weighted-modes/multinomial-0084/compact-gq-multinomial-0084-1.csv"
85,20260887,1,38.1603317260742,"/project/akaring/takeup-data/data/stan_analysis_data/main-core-bootstrap-input/cluster-weights/multinomial/weights-0085.csv","/project/akaring/takeup-data/data/stan_analysis_data/main-core-weighted-modes/multinomial-0085/mode-multinomial-0085-1.csv","/project/akaring/takeup-data/data/stan_analysis_data/main-core-weighted-modes/multinomial-0085/compact-gq-multinomial-0085-1.csv"
86,20260888,1,31.5853579044342,"/project/akaring/takeup-data/data/stan_analysis_data/main-core-bootstrap-input/cluster-weights/multinomial/weights-0086.csv","/project/akaring/takeup-data/data/stan_analysis_data/main-core-weighted-modes/multinomial-0086/mode-multinomial-0086-1.csv","/project/akaring/takeup-data/data/stan_analysis_data/main-core-weighted-modes/multinomial-0086/compact-gq-multinomial-0086-1.csv"
87,20260889,1,42.3385660648346,"/project/akaring/takeup-data/data/stan_analysis_data/main-core-bootstrap-input/cluster-weights/multinomial/weights-0087.csv","/project/akaring/takeup-data/data/stan_analysis_data/main-core-weighted-modes/multinomial-0087/mode-multinomial-0087-1.csv","/project/akaring/takeup-data/data/stan_analysis_data/main-core-weighted-modes/multinomial-0087/compact-gq-multinomial-0087-1.csv"
88,20260890,1,34.2870752811432,"/project/akaring/takeup-data/data/stan_analysis_data/main-core-bootstrap-input/cluster-weights/multinomial/weights-0088.csv","/project/akaring/takeup-data/data/stan_analysis_data/main-core-weighted-modes/multinomial-0088/mode-multinomial-0088-1.csv","/project/akaring/takeup-data/data/stan_analysis_data/main-core-weighted-modes/multinomial-0088/compact-gq-multinomial-0088-1.csv"
89,20260891,1,34.9308681488037,"/project/akaring/takeup-data/data/stan_analysis_data/main-core-bootstrap-input/cluster-weights/multinomial/weights-0089.csv","/project/akaring/takeup-data/data/stan_analysis_data/main-core-weighted-modes/multinomial-0089/mode-multinomial-0089-1.csv","/project/akaring/takeup-data/data/stan_analysis_data/main-core-weighted-modes/multinomial-0089/compact-gq-multinomial-0089-1.csv"
90,20260892,1,39.6577463150024,"/project/akaring/takeup-data/data/stan_analysis_data/main-core-bootstrap-input/cluster-weights/multinomial/weights-0090.csv","/project/akaring/takeup-data/data/stan_analysis_data/main-core-weighted-modes/multinomial-0090/mode-multinomial-0090-1.csv","/project/akaring/takeup-data/data/stan_analysis_data/main-core-weighted-modes/multinomial-0090/compact-gq-multinomial-0090-1.csv"
91,20260893,1,31.0461392402649,"/project/akaring/takeup-data/data/stan_analysis_data/main-core-bootstrap-input/cluster-weights/multinomial/weights-0091.csv","/project/akaring/takeup-data/data/stan_analysis_data/main-core-weighted-modes/multinomial-0091/mode-multinomial-0091-1.csv","/project/akaring/takeup-data/data/stan_analysis_data/main-core-weighted-modes/multinomial-0091/compact-gq-multinomial-0091-1.csv"
92,20260894,1,30.9512650966644,"/project/akaring/takeup-data/data/stan_analysis_data/main-core-bootstrap-input/cluster-weights/multinomial/weights-0092.csv","/project/akaring/takeup-data/data/stan_analysis_data/main-core-weighted-modes/multinomial-0092/mode-multinomial-0092-1.csv","/project/akaring/takeup-data/data/stan_analysis_data/main-core-weighted-modes/multinomial-0092/compact-gq-multinomial-0092-1.csv"
93,20260895,1,46.3421573638916,"/project/akaring/takeup-data/data/stan_analysis_data/main-core-bootstrap-input/cluster-weights/multinomial/weights-0093.csv","/project/akaring/takeup-data/data/stan_analysis_data/main-core-weighted-modes/multinomial-0093/mode-multinomial-0093-1.csv","/project/akaring/takeup-data/data/stan_analysis_data/main-core-weighted-modes/multinomial-0093/compact-gq-multinomial-0093-1.csv"
94,20260896,1,41.6405091285706,"/project/akaring/takeup-data/data/stan_analysis_data/main-core-bootstrap-input/cluster-weights/multinomial/weights-0094.csv","/project/akaring/takeup-data/data/stan_analysis_data/main-core-weighted-modes/multinomial-0094/mode-multinomial-0094-1.csv","/project/akaring/takeup-data/data/stan_analysis_data/main-core-weighted-modes/multinomial-0094/compact-gq-multinomial-0094-1.csv"
95,20260897,1,30.9277315139771,"/project/akaring/takeup-data/data/stan_analysis_data/main-core-bootstrap-input/cluster-weights/multinomial/weights-0095.csv","/project/akaring/takeup-data/data/stan_analysis_data/main-core-weighted-modes/multinomial-0095/mode-multinomial-0095-1.csv","/project/akaring/takeup-data/data/stan_analysis_data/main-core-weighted-modes/multinomial-0095/compact-gq-multinomial-0095-1.csv"
96,20260898,1,30.6079983711243,"/project/akaring/takeup-data/data/stan_analysis_data/main-core-bootstrap-input/cluster-weights/multinomial/weights-0096.csv","/project/akaring/takeup-data/data/stan_analysis_data/main-core-weighted-modes/multinomial-0096/mode-multinomial-0096-1.csv","/project/akaring/takeup-data/data/stan_analysis_data/main-core-weighted-modes/multinomial-0096/compact-gq-multinomial-0096-1.csv"
97,20260899,1,30.5580425262451,"/project/akaring/takeup-data/data/stan_analysis_data/main-core-bootstrap-input/cluster-weights/multinomial/weights-0097.csv","/project/akaring/takeup-data/data/stan_analysis_data/main-core-weighted-modes/multinomial-0097/mode-multinomial-0097-1.csv","/project/akaring/takeup-data/data/stan_analysis_data/main-core-weighted-modes/multinomial-0097/compact-gq-multinomial-0097-1.csv"
98,20260900,1,48.4853277206421,"/project/akaring/takeup-data/data/stan_analysis_data/main-core-bootstrap-input/cluster-weights/multinomial/weights-0098.csv","/project/akaring/takeup-data/data/stan_analysis_data/main-core-weighted-modes/multinomial-0098/mode-multinomial-0098-1.csv","/project/akaring/takeup-data/data/stan_analysis_data/main-core-weighted-modes/multinomial-0098/compact-gq-multinomial-0098-1.csv"
99,20260901,1,39.8560104370117,"/project/akaring/takeup-data/data/stan_analysis_data/main-core-bootstrap-input/cluster-weights/multinomial/weights-0099.csv","/project/akaring/takeup-data/data/stan_analysis_data/main-core-weighted-modes/multinomial-0099/mode-multinomial-0099-1.csv","/project/akaring/takeup-data/data/stan_analysis_data/main-core-weighted-modes/multinomial-0099/compact-gq-multinomial-0099-1.csv"
100,20260902,1,65.6881055831909,"/project/akaring/takeup-data/data/stan_analysis_data/main-core-bootstrap-input/cluster-weights/multinomial/weights-0100.csv","/project/akaring/takeup-data/data/stan_analysis_data/main-core-weighted-modes/multinomial-0100/mode-multinomial-0100-1.csv","/project/akaring/takeup-data/data/stan_analysis_data/main-core-weighted-modes/multinomial-0100/compact-gq-multinomial-0100-1.csv"
101,20260903,1,31.1172571182251,"/project/akaring/takeup-data/data/stan_analysis_data/main-core-bootstrap-input/cluster-weights/multinomial/weights-0101.csv","/project/akaring/takeup-data/data/stan_analysis_data/main-core-weighted-modes/multinomial-0101/mode-multinomial-0101-1.csv","/project/akaring/takeup-data/data/stan_analysis_data/main-core-weighted-modes/multinomial-0101/compact-gq-multinomial-0101-1.csv"
102,20260904,1,41.4463529586792,"/project/akaring/takeup-data/data/stan_analysis_data/main-core-bootstrap-input/cluster-weights/multinomial/weights-0102.csv","/project/akaring/takeup-data/data/stan_analysis_data/main-core-weighted-modes/multinomial-0102/mode-multinomial-0102-1.csv","/project/akaring/takeup-data/data/stan_analysis_data/main-core-weighted-modes/multinomial-0102/compact-gq-multinomial-0102-1.csv"
103,20260905,1,30.6889100074768,"/project/akaring/takeup-data/data/stan_analysis_data/main-core-bootstrap-input/cluster-weights/multinomial/weights-0103.csv","/project/akaring/takeup-data/data/stan_analysis_data/main-core-weighted-modes/multinomial-0103/mode-multinomial-0103-1.csv","/project/akaring/takeup-data/data/stan_analysis_data/main-core-weighted-modes/multinomial-0103/compact-gq-multinomial-0103-1.csv"
104,20260906,1,30.9766526222229,"/project/akaring/takeup-data/data/stan_analysis_data/main-core-bootstrap-input/cluster-weights/multinomial/weights-0104.csv","/project/akaring/takeup-data/data/stan_analysis_data/main-core-weighted-modes/multinomial-0104/mode-multinomial-0104-1.csv","/project/akaring/takeup-data/data/stan_analysis_data/main-core-weighted-modes/multinomial-0104/compact-gq-multinomial-0104-1.csv"
105,20260907,1,35.6189966201782,"/project/akaring/takeup-data/data/stan_analysis_data/main-core-bootstrap-input/cluster-weights/multinomial/weights-0105.csv","/project/akaring/takeup-data/data/stan_analysis_data/main-core-weighted-modes/multinomial-0105/mode-multinomial-0105-1.csv","/project/akaring/takeup-data/data/stan_analysis_data/main-core-weighted-modes/multinomial-0105/compact-gq-multinomial-0105-1.csv"
106,20260908,1,34.3290719985962,"/project/akaring/takeup-data/data/stan_analysis_data/main-core-bootstrap-input/cluster-weights/multinomial/weights-0106.csv","/project/akaring/takeup-data/data/stan_analysis_data/main-core-weighted-modes/multinomial-0106/mode-multinomial-0106-1.csv","/project/akaring/takeup-data/data/stan_analysis_data/main-core-weighted-modes/multinomial-0106/compact-gq-multinomial-0106-1.csv"
107,20260909,1,31.4414658546448,"/project/akaring/takeup-data/data/stan_analysis_data/main-core-bootstrap-input/cluster-weights/multinomial/weights-0107.csv","/project/akaring/takeup-data/data/stan_analysis_data/main-core-weighted-modes/multinomial-0107/mode-multinomial-0107-1.csv","/project/akaring/takeup-data/data/stan_analysis_data/main-core-weighted-modes/multinomial-0107/compact-gq-multinomial-0107-1.csv"
108,20260910,1,38.6128358840942,"/project/akaring/takeup-data/data/stan_analysis_data/main-core-bootstrap-input/cluster-weights/multinomial/weights-0108.csv","/project/akaring/takeup-data/data/stan_analysis_data/main-core-weighted-modes/multinomial-0108/mode-multinomial-0108-1.csv","/project/akaring/takeup-data/data/stan_analysis_data/main-core-weighted-modes/multinomial-0108/compact-gq-multinomial-0108-1.csv"
109,20260911,1,25.7642397880554,"/project/akaring/takeup-data/data/stan_analysis_data/main-core-bootstrap-input/cluster-weights/multinomial/weights-0109.csv","/project/akaring/takeup-data/data/stan_analysis_data/main-core-weighted-modes/multinomial-0109/mode-multinomial-0109-1.csv","/project/akaring/takeup-data/data/stan_analysis_data/main-core-weighted-modes/multinomial-0109/compact-gq-multinomial-0109-1.csv"
110,20260912,1,31.6528308391571,"/project/akaring/takeup-data/data/stan_analysis_data/main-core-bootstrap-input/cluster-weights/multinomial/weights-0110.csv","/project/akaring/takeup-data/data/stan_analysis_data/main-core-weighted-modes/multinomial-0110/mode-multinomial-0110-1.csv","/project/akaring/takeup-data/data/stan_analysis_data/main-core-weighted-modes/multinomial-0110/compact-gq-multinomial-0110-1.csv"
111,20260913,1,31.6668133735657,"/project/akaring/takeup-data/data/stan_analysis_data/main-core-bootstrap-input/cluster-weights/multinomial/weights-0111.csv","/project/akaring/takeup-data/data/stan_analysis_data/main-core-weighted-modes/multinomial-0111/mode-multinomial-0111-1.csv","/project/akaring/takeup-data/data/stan_analysis_data/main-core-weighted-modes/multinomial-0111/compact-gq-multinomial-0111-1.csv"
112,20260914,1,33.6359114646912,"/project/akaring/takeup-data/data/stan_analysis_data/main-core-bootstrap-input/cluster-weights/multinomial/weights-0112.csv","/project/akaring/takeup-data/data/stan_analysis_data/main-core-weighted-modes/multinomial-0112/mode-multinomial-0112-1.csv","/project/akaring/takeup-data/data/stan_analysis_data/main-core-weighted-modes/multinomial-0112/compact-gq-multinomial-0112-1.csv"
113,20260915,1,25.8293483257294,"/project/akaring/takeup-data/data/stan_analysis_data/main-core-bootstrap-input/cluster-weights/multinomial/weights-0113.csv","/project/akaring/takeup-data/data/stan_analysis_data/main-core-weighted-modes/multinomial-0113/mode-multinomial-0113-1.csv","/project/akaring/takeup-data/data/stan_analysis_data/main-core-weighted-modes/multinomial-0113/compact-gq-multinomial-0113-1.csv"
114,20260916,1,43.5450983047485,"/project/akaring/takeup-data/data/stan_analysis_data/main-core-bootstrap-input/cluster-weights/multinomial/weights-0114.csv","/project/akaring/takeup-data/data/stan_analysis_data/main-core-weighted-modes/multinomial-0114/mode-multinomial-0114-1.csv","/project/akaring/takeup-data/data/stan_analysis_data/main-core-weighted-modes/multinomial-0114/compact-gq-multinomial-0114-1.csv"
115,20260917,1,43.0810613632202,"/project/akaring/takeup-data/data/stan_analysis_data/main-core-bootstrap-input/cluster-weights/multinomial/weights-0115.csv","/project/akaring/takeup-data/data/stan_analysis_data/main-core-weighted-modes/multinomial-0115/mode-multinomial-0115-1.csv","/project/akaring/takeup-data/data/stan_analysis_data/main-core-weighted-modes/multinomial-0115/compact-gq-multinomial-0115-1.csv"
116,20260918,1,30.5551152229309,"/project/akaring/takeup-data/data/stan_analysis_data/main-core-bootstrap-input/cluster-weights/multinomial/weights-0116.csv","/project/akaring/takeup-data/data/stan_analysis_data/main-core-weighted-modes/multinomial-0116/mode-multinomial-0116-1.csv","/project/akaring/takeup-data/data/stan_analysis_data/main-core-weighted-modes/multinomial-0116/compact-gq-multinomial-0116-1.csv"
117,20260919,1,63.8978056907654,"/project/akaring/takeup-data/data/stan_analysis_data/main-core-bootstrap-input/cluster-weights/multinomial/weights-0117.csv","/project/akaring/takeup-data/data/stan_analysis_data/main-core-weighted-modes/multinomial-0117/mode-multinomial-0117-1.csv","/project/akaring/takeup-data/data/stan_analysis_data/main-core-weighted-modes/multinomial-0117/compact-gq-multinomial-0117-1.csv"
118,20260920,1,30.8093659877777,"/project/akaring/takeup-data/data/stan_analysis_data/main-core-bootstrap-input/cluster-weights/multinomial/weights-0118.csv","/project/akaring/takeup-data/data/stan_analysis_data/main-core-weighted-modes/multinomial-0118/mode-multinomial-0118-1.csv","/project/akaring/takeup-data/data/stan_analysis_data/main-core-weighted-modes/multinomial-0118/compact-gq-multinomial-0118-1.csv"
119,20260921,1,31.0167653560638,"/project/akaring/takeup-data/data/stan_analysis_data/main-core-bootstrap-input/cluster-weights/multinomial/weights-0119.csv","/project/akaring/takeup-data/data/stan_analysis_data/main-core-weighted-modes/multinomial-0119/mode-multinomial-0119-1.csv","/project/akaring/takeup-data/data/stan_analysis_data/main-core-weighted-modes/multinomial-0119/compact-gq-multinomial-0119-1.csv"
120,20260922,1,31.4934735298157,"/project/akaring/takeup-data/data/stan_analysis_data/main-core-bootstrap-input/cluster-weights/multinomial/weights-0120.csv","/project/akaring/takeup-data/data/stan_analysis_data/main-core-weighted-modes/multinomial-0120/mode-multinomial-0120-1.csv","/project/akaring/takeup-data/data/stan_analysis_data/main-core-weighted-modes/multinomial-0120/compact-gq-multinomial-0120-1.csv"
121,20260923,1,30.560357093811,"/project/akaring/takeup-data/data/stan_analysis_data/main-core-bootstrap-input/cluster-weights/multinomial/weights-0121.csv","/project/akaring/takeup-data/data/stan_analysis_data/main-core-weighted-modes/multinomial-0121/mode-multinomial-0121-1.csv","/project/akaring/takeup-data/data/stan_analysis_data/main-core-weighted-modes/multinomial-0121/compact-gq-multinomial-0121-1.csv"
122,20260924,1,31.0971252918243,"/project/akaring/takeup-data/data/stan_analysis_data/main-core-bootstrap-input/cluster-weights/multinomial/weights-0122.csv","/project/akaring/takeup-data/data/stan_analysis_data/main-core-weighted-modes/multinomial-0122/mode-multinomial-0122-1.csv","/project/akaring/takeup-data/data/stan_analysis_data/main-core-weighted-modes/multinomial-0122/compact-gq-multinomial-0122-1.csv"
123,20260925,1,45.6235899925232,"/project/akaring/takeup-data/data/stan_analysis_data/main-core-bootstrap-input/cluster-weights/multinomial/weights-0123.csv","/project/akaring/takeup-data/data/stan_analysis_data/main-core-weighted-modes/multinomial-0123/mode-multinomial-0123-1.csv","/project/akaring/takeup-data/data/stan_analysis_data/main-core-weighted-modes/multinomial-0123/compact-gq-multinomial-0123-1.csv"
124,20260926,1,30.8978490829468,"/project/akaring/takeup-data/data/stan_analysis_data/main-core-bootstrap-input/cluster-weights/multinomial/weights-0124.csv","/project/akaring/takeup-data/data/stan_analysis_data/main-core-weighted-modes/multinomial-0124/mode-multinomial-0124-1.csv","/project/akaring/takeup-data/data/stan_analysis_data/main-core-weighted-modes/multinomial-0124/compact-gq-multinomial-0124-1.csv"
127,20260929,1,30.6220810413361,"/project/akaring/takeup-data/data/stan_analysis_data/main-core-bootstrap-input/cluster-weights/multinomial/weights-0127.csv","/project/akaring/takeup-data/data/stan_analysis_data/main-core-weighted-modes/multinomial-0127/mode-multinomial-0127-1.csv","/project/akaring/takeup-data/data/stan_analysis_data/main-core-weighted-modes/multinomial-0127/compact-gq-multinomial-0127-1.csv"
128,20260930,1,40.8531148433685,"/project/akaring/takeup-data/data/stan_analysis_data/main-core-bootstrap-input/cluster-weights/multinomial/weights-0128.csv","/project/akaring/takeup-data/data/stan_analysis_data/main-core-weighted-modes/multinomial-0128/mode-multinomial-0128-1.csv","/project/akaring/takeup-data/data/stan_analysis_data/main-core-weighted-modes/multinomial-0128/compact-gq-multinomial-0128-1.csv"
129,20260931,1,31.5386838912964,"/project/akaring/takeup-data/data/stan_analysis_data/main-core-bootstrap-input/cluster-weights/multinomial/weights-0129.csv","/project/akaring/takeup-data/data/stan_analysis_data/main-core-weighted-modes/multinomial-0129/mode-multinomial-0129-1.csv","/project/akaring/takeup-data/data/stan_analysis_data/main-core-weighted-modes/multinomial-0129/compact-gq-multinomial-0129-1.csv"
130,20260932,1,46.7431175708771,"/project/akaring/takeup-data/data/stan_analysis_data/main-core-bootstrap-input/cluster-weights/multinomial/weights-0130.csv","/project/akaring/takeup-data/data/stan_analysis_data/main-core-weighted-modes/multinomial-0130/mode-multinomial-0130-1.csv","/project/akaring/takeup-data/data/stan_analysis_data/main-core-weighted-modes/multinomial-0130/compact-gq-multinomial-0130-1.csv"
131,20260933,1,32.0863015651703,"/project/akaring/takeup-data/data/stan_analysis_data/main-core-bootstrap-input/cluster-weights/multinomial/weights-0131.csv","/project/akaring/takeup-data/data/stan_analysis_data/main-core-weighted-modes/multinomial-0131/mode-multinomial-0131-1.csv","/project/akaring/takeup-data/data/stan_analysis_data/main-core-weighted-modes/multinomial-0131/compact-gq-multinomial-0131-1.csv"
132,20260934,1,30.4962813854218,"/project/akaring/takeup-data/data/stan_analysis_data/main-core-bootstrap-input/cluster-weights/multinomial/weights-0132.csv","/project/akaring/takeup-data/data/stan_analysis_data/main-core-weighted-modes/multinomial-0132/mode-multinomial-0132-1.csv","/project/akaring/takeup-data/data/stan_analysis_data/main-core-weighted-modes/multinomial-0132/compact-gq-multinomial-0132-1.csv"
133,20260935,1,25.7824537754059,"/project/akaring/takeup-data/data/stan_analysis_data/main-core-bootstrap-input/cluster-weights/multinomial/weights-0133.csv","/project/akaring/takeup-data/data/stan_analysis_data/main-core-weighted-modes/multinomial-0133/mode-multinomial-0133-1.csv","/project/akaring/takeup-data/data/stan_analysis_data/main-core-weighted-modes/multinomial-0133/compact-gq-multinomial-0133-1.csv"
134,20260936,1,31.0882475376129,"/project/akaring/takeup-data/data/stan_analysis_data/main-core-bootstrap-input/cluster-weights/multinomial/weights-0134.csv","/project/akaring/takeup-data/data/stan_analysis_data/main-core-weighted-modes/multinomial-0134/mode-multinomial-0134-1.csv","/project/akaring/takeup-data/data/stan_analysis_data/main-core-weighted-modes/multinomial-0134/compact-gq-multinomial-0134-1.csv"
135,20260937,1,31.2695286273956,"/project/akaring/takeup-data/data/stan_analysis_data/main-core-bootstrap-input/cluster-weights/multinomial/weights-0135.csv","/project/akaring/takeup-data/data/stan_analysis_data/main-core-weighted-modes/multinomial-0135/mode-multinomial-0135-1.csv","/project/akaring/takeup-data/data/stan_analysis_data/main-core-weighted-modes/multinomial-0135/compact-gq-multinomial-0135-1.csv"
136,20260938,1,31.434948682785,"/project/akaring/takeup-data/data/stan_analysis_data/main-core-bootstrap-input/cluster-weights/multinomial/weights-0136.csv","/project/akaring/takeup-data/data/stan_analysis_data/main-core-weighted-modes/multinomial-0136/mode-multinomial-0136-1.csv","/project/akaring/takeup-data/data/stan_analysis_data/main-core-weighted-modes/multinomial-0136/compact-gq-multinomial-0136-1.csv"
137,20260939,1,56.3418769836426,"/project/akaring/takeup-data/data/stan_analysis_data/main-core-bootstrap-input/cluster-weights/multinomial/weights-0137.csv","/project/akaring/takeup-data/data/stan_analysis_data/main-core-weighted-modes/multinomial-0137/mode-multinomial-0137-1.csv","/project/akaring/takeup-data/data/stan_analysis_data/main-core-weighted-modes/multinomial-0137/compact-gq-multinomial-0137-1.csv"
138,20260940,1,30.7712016105652,"/project/akaring/takeup-data/data/stan_analysis_data/main-core-bootstrap-input/cluster-weights/multinomial/weights-0138.csv","/project/akaring/takeup-data/data/stan_analysis_data/main-core-weighted-modes/multinomial-0138/mode-multinomial-0138-1.csv","/project/akaring/takeup-data/data/stan_analysis_data/main-core-weighted-modes/multinomial-0138/compact-gq-multinomial-0138-1.csv"
139,20260941,1,25.6563029289246,"/project/akaring/takeup-data/data/stan_analysis_data/main-core-bootstrap-input/cluster-weights/multinomial/weights-0139.csv","/project/akaring/takeup-data/data/stan_analysis_data/main-core-weighted-modes/multinomial-0139/mode-multinomial-0139-1.csv","/project/akaring/takeup-data/data/stan_analysis_data/main-core-weighted-modes/multinomial-0139/compact-gq-multinomial-0139-1.csv"
140,20260942,1,32.8002846240997,"/project/akaring/takeup-data/data/stan_analysis_data/main-core-bootstrap-input/cluster-weights/multinomial/weights-0140.csv","/project/akaring/takeup-data/data/stan_analysis_data/main-core-weighted-modes/multinomial-0140/mode-multinomial-0140-1.csv","/project/akaring/takeup-data/data/stan_analysis_data/main-core-weighted-modes/multinomial-0140/compact-gq-multinomial-0140-1.csv"
141,20260943,1,59.1487700939178,"/project/akaring/takeup-data/data/stan_analysis_data/main-core-bootstrap-input/cluster-weights/multinomial/weights-0141.csv","/project/akaring/takeup-data/data/stan_analysis_data/main-core-weighted-modes/multinomial-0141/mode-multinomial-0141-1.csv","/project/akaring/takeup-data/data/stan_analysis_data/main-core-weighted-modes/multinomial-0141/compact-gq-multinomial-0141-1.csv"
142,20260944,1,26.0514142513275,"/project/akaring/takeup-data/data/stan_analysis_data/main-core-bootstrap-input/cluster-weights/multinomial/weights-0142.csv","/project/akaring/takeup-data/data/stan_analysis_data/main-core-weighted-modes/multinomial-0142/mode-multinomial-0142-1.csv","/project/akaring/takeup-data/data/stan_analysis_data/main-core-weighted-modes/multinomial-0142/compact-gq-multinomial-0142-1.csv"
143,20260945,1,31.6053178310394,"/project/akaring/takeup-data/data/stan_analysis_data/main-core-bootstrap-input/cluster-weights/multinomial/weights-0143.csv","/project/akaring/takeup-data/data/stan_analysis_data/main-core-weighted-modes/multinomial-0143/mode-multinomial-0143-1.csv","/project/akaring/takeup-data/data/stan_analysis_data/main-core-weighted-modes/multinomial-0143/compact-gq-multinomial-0143-1.csv"
144,20260946,1,32.0030386447906,"/project/akaring/takeup-data/data/stan_analysis_data/main-core-bootstrap-input/cluster-weights/multinomial/weights-0144.csv","/project/akaring/takeup-data/data/stan_analysis_data/main-core-weighted-modes/multinomial-0144/mode-multinomial-0144-1.csv","/project/akaring/takeup-data/data/stan_analysis_data/main-core-weighted-modes/multinomial-0144/compact-gq-multinomial-0144-1.csv"
145,20260947,1,31.2540333271027,"/project/akaring/takeup-data/data/stan_analysis_data/main-core-bootstrap-input/cluster-weights/multinomial/weights-0145.csv","/project/akaring/takeup-data/data/stan_analysis_data/main-core-weighted-modes/multinomial-0145/mode-multinomial-0145-1.csv","/project/akaring/takeup-data/data/stan_analysis_data/main-core-weighted-modes/multinomial-0145/compact-gq-multinomial-0145-1.csv"
146,20260948,1,48.5771532058716,"/project/akaring/takeup-data/data/stan_analysis_data/main-core-bootstrap-input/cluster-weights/multinomial/weights-0146.csv","/project/akaring/takeup-data/data/stan_analysis_data/main-core-weighted-modes/multinomial-0146/mode-multinomial-0146-1.csv","/project/akaring/takeup-data/data/stan_analysis_data/main-core-weighted-modes/multinomial-0146/compact-gq-multinomial-0146-1.csv"
147,20260949,1,31.731963634491,"/project/akaring/takeup-data/data/stan_analysis_data/main-core-bootstrap-input/cluster-weights/multinomial/weights-0147.csv","/project/akaring/takeup-data/data/stan_analysis_data/main-core-weighted-modes/multinomial-0147/mode-multinomial-0147-1.csv","/project/akaring/takeup-data/data/stan_analysis_data/main-core-weighted-modes/multinomial-0147/compact-gq-multinomial-0147-1.csv"
148,20260950,1,30.5350339412689,"/project/akaring/takeup-data/data/stan_analysis_data/main-core-bootstrap-input/cluster-weights/multinomial/weights-0148.csv","/project/akaring/takeup-data/data/stan_analysis_data/main-core-weighted-modes/multinomial-0148/mode-multinomial-0148-1.csv","/project/akaring/takeup-data/data/stan_analysis_data/main-core-weighted-modes/multinomial-0148/compact-gq-multinomial-0148-1.csv"
149,20260951,1,30.7450795173645,"/project/akaring/takeup-data/data/stan_analysis_data/main-core-bootstrap-input/cluster-weights/multinomial/weights-0149.csv","/project/akaring/takeup-data/data/stan_analysis_data/main-core-weighted-modes/multinomial-0149/mode-multinomial-0149-1.csv","/project/akaring/takeup-data/data/stan_analysis_data/main-core-weighted-modes/multinomial-0149/compact-gq-multinomial-0149-1.csv"
150,20260952,1,33.6365871429443,"/project/akaring/takeup-data/data/stan_analysis_data/main-core-bootstrap-input/cluster-weights/multinomial/weights-0150.csv","/project/akaring/takeup-data/data/stan_analysis_data/main-core-weighted-modes/multinomial-0150/mode-multinomial-0150-1.csv","/project/akaring/takeup-data/data/stan_analysis_data/main-core-weighted-modes/multinomial-0150/compact-gq-multinomial-0150-1.csv"
151,20260953,1,32.8145205974579,"/project/akaring/takeup-data/data/stan_analysis_data/main-core-bootstrap-input/cluster-weights/multinomial/weights-0151.csv","/project/akaring/takeup-data/data/stan_analysis_data/main-core-weighted-modes/multinomial-0151/mode-multinomial-0151-1.csv","/project/akaring/takeup-data/data/stan_analysis_data/main-core-weighted-modes/multinomial-0151/compact-gq-multinomial-0151-1.csv"
152,20260954,1,31.0365860462189,"/project/akaring/takeup-data/data/stan_analysis_data/main-core-bootstrap-input/cluster-weights/multinomial/weights-0152.csv","/project/akaring/takeup-data/data/stan_analysis_data/main-core-weighted-modes/multinomial-0152/mode-multinomial-0152-1.csv","/project/akaring/takeup-data/data/stan_analysis_data/main-core-weighted-modes/multinomial-0152/compact-gq-multinomial-0152-1.csv"
153,20260955,1,39.3711116313934,"/project/akaring/takeup-data/data/stan_analysis_data/main-core-bootstrap-input/cluster-weights/multinomial/weights-0153.csv","/project/akaring/takeup-data/data/stan_analysis_data/main-core-weighted-modes/multinomial-0153/mode-multinomial-0153-1.csv","/project/akaring/takeup-data/data/stan_analysis_data/main-core-weighted-modes/multinomial-0153/compact-gq-multinomial-0153-1.csv"
154,20260956,1,30.7166728973389,"/project/akaring/takeup-data/data/stan_analysis_data/main-core-bootstrap-input/cluster-weights/multinomial/weights-0154.csv","/project/akaring/takeup-data/data/stan_analysis_data/main-core-weighted-modes/multinomial-0154/mode-multinomial-0154-1.csv","/project/akaring/takeup-data/data/stan_analysis_data/main-core-weighted-modes/multinomial-0154/compact-gq-multinomial-0154-1.csv"
155,20260957,1,31.6320130825043,"/project/akaring/takeup-data/data/stan_analysis_data/main-core-bootstrap-input/cluster-weights/multinomial/weights-0155.csv","/project/akaring/takeup-data/data/stan_analysis_data/main-core-weighted-modes/multinomial-0155/mode-multinomial-0155-1.csv","/project/akaring/takeup-data/data/stan_analysis_data/main-core-weighted-modes/multinomial-0155/compact-gq-multinomial-0155-1.csv"
156,20260958,1,48.0640733242035,"/project/akaring/takeup-data/data/stan_analysis_data/main-core-bootstrap-input/cluster-weights/multinomial/weights-0156.csv","/project/akaring/takeup-data/data/stan_analysis_data/main-core-weighted-modes/multinomial-0156/mode-multinomial-0156-1.csv","/project/akaring/takeup-data/data/stan_analysis_data/main-core-weighted-modes/multinomial-0156/compact-gq-multinomial-0156-1.csv"
157,20260959,1,31.3143939971924,"/project/akaring/takeup-data/data/stan_analysis_data/main-core-bootstrap-input/cluster-weights/multinomial/weights-0157.csv","/project/akaring/takeup-data/data/stan_analysis_data/main-core-weighted-modes/multinomial-0157/mode-multinomial-0157-1.csv","/project/akaring/takeup-data/data/stan_analysis_data/main-core-weighted-modes/multinomial-0157/compact-gq-multinomial-0157-1.csv"
158,20260960,1,35.9959433078766,"/project/akaring/takeup-data/data/stan_analysis_data/main-core-bootstrap-input/cluster-weights/multinomial/weights-0158.csv","/project/akaring/takeup-data/data/stan_analysis_data/main-core-weighted-modes/multinomial-0158/mode-multinomial-0158-1.csv","/project/akaring/takeup-data/data/stan_analysis_data/main-core-weighted-modes/multinomial-0158/compact-gq-multinomial-0158-1.csv"
159,20260961,1,30.3571710586548,"/project/akaring/takeup-data/data/stan_analysis_data/main-core-bootstrap-input/cluster-weights/multinomial/weights-0159.csv","/project/akaring/takeup-data/data/stan_analysis_data/main-core-weighted-modes/multinomial-0159/mode-multinomial-0159-1.csv","/project/akaring/takeup-data/data/stan_analysis_data/main-core-weighted-modes/multinomial-0159/compact-gq-multinomial-0159-1.csv"
160,20260962,1,25.7933685779572,"/project/akaring/takeup-data/data/stan_analysis_data/main-core-bootstrap-input/cluster-weights/multinomial/weights-0160.csv","/project/akaring/takeup-data/data/stan_analysis_data/main-core-weighted-modes/multinomial-0160/mode-multinomial-0160-1.csv","/project/akaring/takeup-data/data/stan_analysis_data/main-core-weighted-modes/multinomial-0160/compact-gq-multinomial-0160-1.csv"
161,20260963,1,31.0669021606445,"/project/akaring/takeup-data/data/stan_analysis_data/main-core-bootstrap-input/cluster-weights/multinomial/weights-0161.csv","/project/akaring/takeup-data/data/stan_analysis_data/main-core-weighted-modes/multinomial-0161/mode-multinomial-0161-1.csv","/project/akaring/takeup-data/data/stan_analysis_data/main-core-weighted-modes/multinomial-0161/compact-gq-multinomial-0161-1.csv"
162,20260964,1,30.973748922348,"/project/akaring/takeup-data/data/stan_analysis_data/main-core-bootstrap-input/cluster-weights/multinomial/weights-0162.csv","/project/akaring/takeup-data/data/stan_analysis_data/main-core-weighted-modes/multinomial-0162/mode-multinomial-0162-1.csv","/project/akaring/takeup-data/data/stan_analysis_data/main-core-weighted-modes/multinomial-0162/compact-gq-multinomial-0162-1.csv"
163,20260965,1,31.1531584262848,"/project/akaring/takeup-data/data/stan_analysis_data/main-core-bootstrap-input/cluster-weights/multinomial/weights-0163.csv","/project/akaring/takeup-data/data/stan_analysis_data/main-core-weighted-modes/multinomial-0163/mode-multinomial-0163-1.csv","/project/akaring/takeup-data/data/stan_analysis_data/main-core-weighted-modes/multinomial-0163/compact-gq-multinomial-0163-1.csv"
164,20260966,1,31.178740978241,"/project/akaring/takeup-data/data/stan_analysis_data/main-core-bootstrap-input/cluster-weights/multinomial/weights-0164.csv","/project/akaring/takeup-data/data/stan_analysis_data/main-core-weighted-modes/multinomial-0164/mode-multinomial-0164-1.csv","/project/akaring/takeup-data/data/stan_analysis_data/main-core-weighted-modes/multinomial-0164/compact-gq-multinomial-0164-1.csv"
165,20260967,1,30.7690522670746,"/project/akaring/takeup-data/data/stan_analysis_data/main-core-bootstrap-input/cluster-weights/multinomial/weights-0165.csv","/project/akaring/takeup-data/data/stan_analysis_data/main-core-weighted-modes/multinomial-0165/mode-multinomial-0165-1.csv","/project/akaring/takeup-data/data/stan_analysis_data/main-core-weighted-modes/multinomial-0165/compact-gq-multinomial-0165-1.csv"
166,20260968,1,30.9574081897736,"/project/akaring/takeup-data/data/stan_analysis_data/main-core-bootstrap-input/cluster-weights/multinomial/weights-0166.csv","/project/akaring/takeup-data/data/stan_analysis_data/main-core-weighted-modes/multinomial-0166/mode-multinomial-0166-1.csv","/project/akaring/takeup-data/data/stan_analysis_data/main-core-weighted-modes/multinomial-0166/compact-gq-multinomial-0166-1.csv"
167,20260969,1,50.4343838691711,"/project/akaring/takeup-data/data/stan_analysis_data/main-core-bootstrap-input/cluster-weights/multinomial/weights-0167.csv","/project/akaring/takeup-data/data/stan_analysis_data/main-core-weighted-modes/multinomial-0167/mode-multinomial-0167-1.csv","/project/akaring/takeup-data/data/stan_analysis_data/main-core-weighted-modes/multinomial-0167/compact-gq-multinomial-0167-1.csv"
168,20260970,1,34.8652021884918,"/project/akaring/takeup-data/data/stan_analysis_data/main-core-bootstrap-input/cluster-weights/multinomial/weights-0168.csv","/project/akaring/takeup-data/data/stan_analysis_data/main-core-weighted-modes/multinomial-0168/mode-multinomial-0168-1.csv","/project/akaring/takeup-data/data/stan_analysis_data/main-core-weighted-modes/multinomial-0168/compact-gq-multinomial-0168-1.csv"
169,20260971,1,34.9373004436493,"/project/akaring/takeup-data/data/stan_analysis_data/main-core-bootstrap-input/cluster-weights/multinomial/weights-0169.csv","/project/akaring/takeup-data/data/stan_analysis_data/main-core-weighted-modes/multinomial-0169/mode-multinomial-0169-1.csv","/project/akaring/takeup-data/data/stan_analysis_data/main-core-weighted-modes/multinomial-0169/compact-gq-multinomial-0169-1.csv"
170,20260972,1,30.7319941520691,"/project/akaring/takeup-data/data/stan_analysis_data/main-core-bootstrap-input/cluster-weights/multinomial/weights-0170.csv","/project/akaring/takeup-data/data/stan_analysis_data/main-core-weighted-modes/multinomial-0170/mode-multinomial-0170-1.csv","/project/akaring/takeup-data/data/stan_analysis_data/main-core-weighted-modes/multinomial-0170/compact-gq-multinomial-0170-1.csv"
171,20260973,1,30.9208316802979,"/project/akaring/takeup-data/data/stan_analysis_data/main-core-bootstrap-input/cluster-weights/multinomial/weights-0171.csv","/project/akaring/takeup-data/data/stan_analysis_data/main-core-weighted-modes/multinomial-0171/mode-multinomial-0171-1.csv","/project/akaring/takeup-data/data/stan_analysis_data/main-core-weighted-modes/multinomial-0171/compact-gq-multinomial-0171-1.csv"
172,20260974,1,31.2621128559113,"/project/akaring/takeup-data/data/stan_analysis_data/main-core-bootstrap-input/cluster-weights/multinomial/weights-0172.csv","/project/akaring/takeup-data/data/stan_analysis_data/main-core-weighted-modes/multinomial-0172/mode-multinomial-0172-1.csv","/project/akaring/takeup-data/data/stan_analysis_data/main-core-weighted-modes/multinomial-0172/compact-gq-multinomial-0172-1.csv"
173,20260975,1,39.0602843761444,"/project/akaring/takeup-data/data/stan_analysis_data/main-core-bootstrap-input/cluster-weights/multinomial/weights-0173.csv","/project/akaring/takeup-data/data/stan_analysis_data/main-core-weighted-modes/multinomial-0173/mode-multinomial-0173-1.csv","/project/akaring/takeup-data/data/stan_analysis_data/main-core-weighted-modes/multinomial-0173/compact-gq-multinomial-0173-1.csv"
175,20260977,1,31.1236040592194,"/project/akaring/takeup-data/data/stan_analysis_data/main-core-bootstrap-input/cluster-weights/multinomial/weights-0175.csv","/project/akaring/takeup-data/data/stan_analysis_data/main-core-weighted-modes/multinomial-0175/mode-multinomial-0175-1.csv","/project/akaring/takeup-data/data/stan_analysis_data/main-core-weighted-modes/multinomial-0175/compact-gq-multinomial-0175-1.csv"
176,20260978,1,31.7375962734222,"/project/akaring/takeup-data/data/stan_analysis_data/main-core-bootstrap-input/cluster-weights/multinomial/weights-0176.csv","/project/akaring/takeup-data/data/stan_analysis_data/main-core-weighted-modes/multinomial-0176/mode-multinomial-0176-1.csv","/project/akaring/takeup-data/data/stan_analysis_data/main-core-weighted-modes/multinomial-0176/compact-gq-multinomial-0176-1.csv"
177,20260979,1,31.0862596035004,"/project/akaring/takeup-data/data/stan_analysis_data/main-core-bootstrap-input/cluster-weights/multinomial/weights-0177.csv","/project/akaring/takeup-data/data/stan_analysis_data/main-core-weighted-modes/multinomial-0177/mode-multinomial-0177-1.csv","/project/akaring/takeup-data/data/stan_analysis_data/main-core-weighted-modes/multinomial-0177/compact-gq-multinomial-0177-1.csv"
178,20260980,1,51.0950078964233,"/project/akaring/takeup-data/data/stan_analysis_data/main-core-bootstrap-input/cluster-weights/multinomial/weights-0178.csv","/project/akaring/takeup-data/data/stan_analysis_data/main-core-weighted-modes/multinomial-0178/mode-multinomial-0178-1.csv","/project/akaring/takeup-data/data/stan_analysis_data/main-core-weighted-modes/multinomial-0178/compact-gq-multinomial-0178-1.csv"
179,20260981,1,41.3557279109955,"/project/akaring/takeup-data/data/stan_analysis_data/main-core-bootstrap-input/cluster-weights/multinomial/weights-0179.csv","/project/akaring/takeup-data/data/stan_analysis_data/main-core-weighted-modes/multinomial-0179/mode-multinomial-0179-1.csv","/project/akaring/takeup-data/data/stan_analysis_data/main-core-weighted-modes/multinomial-0179/compact-gq-multinomial-0179-1.csv"
180,20260982,1,30.7350482940674,"/project/akaring/takeup-data/data/stan_analysis_data/main-core-bootstrap-input/cluster-weights/multinomial/weights-0180.csv","/project/akaring/takeup-data/data/stan_analysis_data/main-core-weighted-modes/multinomial-0180/mode-multinomial-0180-1.csv","/project/akaring/takeup-data/data/stan_analysis_data/main-core-weighted-modes/multinomial-0180/compact-gq-multinomial-0180-1.csv"
181,20260983,1,31.6751747131348,"/project/akaring/takeup-data/data/stan_analysis_data/main-core-bootstrap-input/cluster-weights/multinomial/weights-0181.csv","/project/akaring/takeup-data/data/stan_analysis_data/main-core-weighted-modes/multinomial-0181/mode-multinomial-0181-1.csv","/project/akaring/takeup-data/data/stan_analysis_data/main-core-weighted-modes/multinomial-0181/compact-gq-multinomial-0181-1.csv"
182,20260984,1,31.428466796875,"/project/akaring/takeup-data/data/stan_analysis_data/main-core-bootstrap-input/cluster-weights/multinomial/weights-0182.csv","/project/akaring/takeup-data/data/stan_analysis_data/main-core-weighted-modes/multinomial-0182/mode-multinomial-0182-1.csv","/project/akaring/takeup-data/data/stan_analysis_data/main-core-weighted-modes/multinomial-0182/compact-gq-multinomial-0182-1.csv"
183,20260985,1,26.4044020175934,"/project/akaring/takeup-data/data/stan_analysis_data/main-core-bootstrap-input/cluster-weights/multinomial/weights-0183.csv","/project/akaring/takeup-data/data/stan_analysis_data/main-core-weighted-modes/multinomial-0183/mode-multinomial-0183-1.csv","/project/akaring/takeup-data/data/stan_analysis_data/main-core-weighted-modes/multinomial-0183/compact-gq-multinomial-0183-1.csv"
184,20260986,1,30.7696318626404,"/project/akaring/takeup-data/data/stan_analysis_data/main-core-bootstrap-input/cluster-weights/multinomial/weights-0184.csv","/project/akaring/takeup-data/data/stan_analysis_data/main-core-weighted-modes/multinomial-0184/mode-multinomial-0184-1.csv","/project/akaring/takeup-data/data/stan_analysis_data/main-core-weighted-modes/multinomial-0184/compact-gq-multinomial-0184-1.csv"
185,20260987,1,30.5737891197205,"/project/akaring/takeup-data/data/stan_analysis_data/main-core-bootstrap-input/cluster-weights/multinomial/weights-0185.csv","/project/akaring/takeup-data/data/stan_analysis_data/main-core-weighted-modes/multinomial-0185/mode-multinomial-0185-1.csv","/project/akaring/takeup-data/data/stan_analysis_data/main-core-weighted-modes/multinomial-0185/compact-gq-multinomial-0185-1.csv"
186,20260988,1,30.9463522434235,"/project/akaring/takeup-data/data/stan_analysis_data/main-core-bootstrap-input/cluster-weights/multinomial/weights-0186.csv","/project/akaring/takeup-data/data/stan_analysis_data/main-core-weighted-modes/multinomial-0186/mode-multinomial-0186-1.csv","/project/akaring/takeup-data/data/stan_analysis_data/main-core-weighted-modes/multinomial-0186/compact-gq-multinomial-0186-1.csv"
187,20260989,1,31.398895740509,"/project/akaring/takeup-data/data/stan_analysis_data/main-core-bootstrap-input/cluster-weights/multinomial/weights-0187.csv","/project/akaring/takeup-data/data/stan_analysis_data/main-core-weighted-modes/multinomial-0187/mode-multinomial-0187-1.csv","/project/akaring/takeup-data/data/stan_analysis_data/main-core-weighted-modes/multinomial-0187/compact-gq-multinomial-0187-1.csv"
188,20260990,1,37.2017505168915,"/project/akaring/takeup-data/data/stan_analysis_data/main-core-bootstrap-input/cluster-weights/multinomial/weights-0188.csv","/project/akaring/takeup-data/data/stan_analysis_data/main-core-weighted-modes/multinomial-0188/mode-multinomial-0188-1.csv","/project/akaring/takeup-data/data/stan_analysis_data/main-core-weighted-modes/multinomial-0188/compact-gq-multinomial-0188-1.csv"
189,20260991,1,38.0826499462128,"/project/akaring/takeup-data/data/stan_analysis_data/main-core-bootstrap-input/cluster-weights/multinomial/weights-0189.csv","/project/akaring/takeup-data/data/stan_analysis_data/main-core-weighted-modes/multinomial-0189/mode-multinomial-0189-1.csv","/project/akaring/takeup-data/data/stan_analysis_data/main-core-weighted-modes/multinomial-0189/compact-gq-multinomial-0189-1.csv"
190,20260992,1,31.065673828125,"/project/akaring/takeup-data/data/stan_analysis_data/main-core-bootstrap-input/cluster-weights/multinomial/weights-0190.csv","/project/akaring/takeup-data/data/stan_analysis_data/main-core-weighted-modes/multinomial-0190/mode-multinomial-0190-1.csv","/project/akaring/takeup-data/data/stan_analysis_data/main-core-weighted-modes/multinomial-0190/compact-gq-multinomial-0190-1.csv"
192,20260994,1,31.5585770606995,"/project/akaring/takeup-data/data/stan_analysis_data/main-core-bootstrap-input/cluster-weights/multinomial/weights-0192.csv","/project/akaring/takeup-data/data/stan_analysis_data/main-core-weighted-modes/multinomial-0192/mode-multinomial-0192-1.csv","/project/akaring/takeup-data/data/stan_analysis_data/main-core-weighted-modes/multinomial-0192/compact-gq-multinomial-0192-1.csv"
193,20260995,1,42.6331517696381,"/project/akaring/takeup-data/data/stan_analysis_data/main-core-bootstrap-input/cluster-weights/multinomial/weights-0193.csv","/project/akaring/takeup-data/data/stan_analysis_data/main-core-weighted-modes/multinomial-0193/mode-multinomial-0193-1.csv","/project/akaring/takeup-data/data/stan_analysis_data/main-core-weighted-modes/multinomial-0193/compact-gq-multinomial-0193-1.csv"
194,20260996,1,31.0957233905792,"/project/akaring/takeup-data/data/stan_analysis_data/main-core-bootstrap-input/cluster-weights/multinomial/weights-0194.csv","/project/akaring/takeup-data/data/stan_analysis_data/main-core-weighted-modes/multinomial-0194/mode-multinomial-0194-1.csv","/project/akaring/takeup-data/data/stan_analysis_data/main-core-weighted-modes/multinomial-0194/compact-gq-multinomial-0194-1.csv"
195,20260997,1,35.8341398239136,"/project/akaring/takeup-data/data/stan_analysis_data/main-core-bootstrap-input/cluster-weights/multinomial/weights-0195.csv","/project/akaring/takeup-data/data/stan_analysis_data/main-core-weighted-modes/multinomial-0195/mode-multinomial-0195-1.csv","/project/akaring/takeup-data/data/stan_analysis_data/main-core-weighted-modes/multinomial-0195/compact-gq-multinomial-0195-1.csv"
197,20260999,1,58.5803999900818,"/project/akaring/takeup-data/data/stan_analysis_data/main-core-bootstrap-input/cluster-weights/multinomial/weights-0197.csv","/project/akaring/takeup-data/data/stan_analysis_data/main-core-weighted-modes/multinomial-0197/mode-multinomial-0197-1.csv","/project/akaring/takeup-data/data/stan_analysis_data/main-core-weighted-modes/multinomial-0197/compact-gq-multinomial-0197-1.csv"
198,20261000,1,62.6453070640564,"/project/akaring/takeup-data/data/stan_analysis_data/main-core-bootstrap-input/cluster-weights/multinomial/weights-0198.csv","/project/akaring/takeup-data/data/stan_analysis_data/main-core-weighted-modes/multinomial-0198/mode-multinomial-0198-1.csv","/project/akaring/takeup-data/data/stan_analysis_data/main-core-weighted-modes/multinomial-0198/compact-gq-multinomial-0198-1.csv"
199,20261001,1,57.423748254776,"/project/akaring/takeup-data/data/stan_analysis_data/main-core-bootstrap-input/cluster-weights/multinomial/weights-0199.csv","/project/akaring/takeup-data/data/stan_analysis_data/main-core-weighted-modes/multinomial-0199/mode-multinomial-0199-1.csv","/project/akaring/takeup-data/data/stan_analysis_data/main-core-weighted-modes/multinomial-0199/compact-gq-multinomial-0199-1.csv"
200,20261002,1,30.6901030540466,"/project/akaring/takeup-data/data/stan_analysis_data/main-core-bootstrap-input/cluster-weights/multinomial/weights-0200.csv","/project/akaring/takeup-data/data/stan_analysis_data/main-core-weighted-modes/multinomial-0200/mode-multinomial-0200-1.csv","/project/akaring/takeup-data/data/stan_analysis_data/main-core-weighted-modes/multinomial-0200/compact-gq-multinomial-0200-1.csv"
202,20260804,1,31.2704622745514,"/project/akaring/takeup-data/data/stan_analysis_data/main-core-bootstrap-input/cluster-weights/multinomial/weights-0202.csv","/project/akaring/takeup-data/data/stan_analysis_data/main-core-weighted-modes/multinomial-0202/mode-multinomial-0202-1.csv","/project/akaring/takeup-data/data/stan_analysis_data/main-core-weighted-modes/multinomial-0202/compact-gq-multinomial-0202-1.csv"
203,20260805,1,31.1208219528198,"/project/akaring/takeup-data/data/stan_analysis_data/main-core-bootstrap-input/cluster-weights/multinomial/weights-0203.csv","/project/akaring/takeup-data/data/stan_analysis_data/main-core-weighted-modes/multinomial-0203/mode-multinomial-0203-1.csv","/project/akaring/takeup-data/data/stan_analysis_data/main-core-weighted-modes/multinomial-0203/compact-gq-multinomial-0203-1.csv"
204,20260806,1,31.2274978160858,"/project/akaring/takeup-data/data/stan_analysis_data/main-core-bootstrap-input/cluster-weights/multinomial/weights-0204.csv","/project/akaring/takeup-data/data/stan_analysis_data/main-core-weighted-modes/multinomial-0204/mode-multinomial-0204-1.csv","/project/akaring/takeup-data/data/stan_analysis_data/main-core-weighted-modes/multinomial-0204/compact-gq-multinomial-0204-1.csv"
206,20260808,1,48.6906011104584,"/project/akaring/takeup-data/data/stan_analysis_data/main-core-bootstrap-input/cluster-weights/multinomial/weights-0206.csv","/project/akaring/takeup-data/data/stan_analysis_data/main-core-weighted-modes/multinomial-0206/mode-multinomial-0206-1.csv","/project/akaring/takeup-data/data/stan_analysis_data/main-core-weighted-modes/multinomial-0206/compact-gq-multinomial-0206-1.csv"
207,20260809,1,94.7858774662018,"/project/akaring/takeup-data/data/stan_analysis_data/main-core-bootstrap-input/cluster-weights/multinomial/weights-0207.csv","/project/akaring/takeup-data/data/stan_analysis_data/main-core-weighted-modes/multinomial-0207/mode-multinomial-0207-1.csv","/project/akaring/takeup-data/data/stan_analysis_data/main-core-weighted-modes/multinomial-0207/compact-gq-multinomial-0207-1.csv"
208,20260810,1,36.5810060501099,"/project/akaring/takeup-data/data/stan_analysis_data/main-core-bootstrap-input/cluster-weights/multinomial/weights-0208.csv","/project/akaring/takeup-data/data/stan_analysis_data/main-core-weighted-modes/multinomial-0208/mode-multinomial-0208-1.csv","/project/akaring/takeup-data/data/stan_analysis_data/main-core-weighted-modes/multinomial-0208/compact-gq-multinomial-0208-1.csv"
209,20260811,1,36.5605754852295,"/project/akaring/takeup-data/data/stan_analysis_data/main-core-bootstrap-input/cluster-weights/multinomial/weights-0209.csv","/project/akaring/takeup-data/data/stan_analysis_data/main-core-weighted-modes/multinomial-0209/mode-multinomial-0209-1.csv","/project/akaring/takeup-data/data/stan_analysis_data/main-core-weighted-modes/multinomial-0209/compact-gq-multinomial-0209-1.csv"
210,20260812,1,46.2392220497131,"/project/akaring/takeup-data/data/stan_analysis_data/main-core-bootstrap-input/cluster-weights/multinomial/weights-0210.csv","/project/akaring/takeup-data/data/stan_analysis_data/main-core-weighted-modes/multinomial-0210/mode-multinomial-0210-1.csv","/project/akaring/takeup-data/data/stan_analysis_data/main-core-weighted-modes/multinomial-0210/compact-gq-multinomial-0210-1.csv"
211,20260813,1,45.7002782821655,"/project/akaring/takeup-data/data/stan_analysis_data/main-core-bootstrap-input/cluster-weights/multinomial/weights-0211.csv","/project/akaring/takeup-data/data/stan_analysis_data/main-core-weighted-modes/multinomial-0211/mode-multinomial-0211-1.csv","/project/akaring/takeup-data/data/stan_analysis_data/main-core-weighted-modes/multinomial-0211/compact-gq-multinomial-0211-1.csv"
212,20260814,1,31.0827543735504,"/project/akaring/takeup-data/data/stan_analysis_data/main-core-bootstrap-input/cluster-weights/multinomial/weights-0212.csv","/project/akaring/takeup-data/data/stan_analysis_data/main-core-weighted-modes/multinomial-0212/mode-multinomial-0212-1.csv","/project/akaring/takeup-data/data/stan_analysis_data/main-core-weighted-modes/multinomial-0212/compact-gq-multinomial-0212-1.csv"
213,20260815,1,31.1071262359619,"/project/akaring/takeup-data/data/stan_analysis_data/main-core-bootstrap-input/cluster-weights/multinomial/weights-0213.csv","/project/akaring/takeup-data/data/stan_analysis_data/main-core-weighted-modes/multinomial-0213/mode-multinomial-0213-1.csv","/project/akaring/takeup-data/data/stan_analysis_data/main-core-weighted-modes/multinomial-0213/compact-gq-multinomial-0213-1.csv"
214,20260816,1,48.1524133682251,"/project/akaring/takeup-data/data/stan_analysis_data/main-core-bootstrap-input/cluster-weights/multinomial/weights-0214.csv","/project/akaring/takeup-data/data/stan_analysis_data/main-core-weighted-modes/multinomial-0214/mode-multinomial-0214-1.csv","/project/akaring/takeup-data/data/stan_analysis_data/main-core-weighted-modes/multinomial-0214/compact-gq-multinomial-0214-1.csv"
215,20260817,1,31.0133430957794,"/project/akaring/takeup-data/data/stan_analysis_data/main-core-bootstrap-input/cluster-weights/multinomial/weights-0215.csv","/project/akaring/takeup-data/data/stan_analysis_data/main-core-weighted-modes/multinomial-0215/mode-multinomial-0215-1.csv","/project/akaring/takeup-data/data/stan_analysis_data/main-core-weighted-modes/multinomial-0215/compact-gq-multinomial-0215-1.csv"
216,20260818,1,46.9113945960999,"/project/akaring/takeup-data/data/stan_analysis_data/main-core-bootstrap-input/cluster-weights/multinomial/weights-0216.csv","/project/akaring/takeup-data/data/stan_analysis_data/main-core-weighted-modes/multinomial-0216/mode-multinomial-0216-1.csv","/project/akaring/takeup-data/data/stan_analysis_data/main-core-weighted-modes/multinomial-0216/compact-gq-multinomial-0216-1.csv"
219,20260821,1,31.1990163326263,"/project/akaring/takeup-data/data/stan_analysis_data/main-core-bootstrap-input/cluster-weights/multinomial/weights-0219.csv","/project/akaring/takeup-data/data/stan_analysis_data/main-core-weighted-modes/multinomial-0219/mode-multinomial-0219-1.csv","/project/akaring/takeup-data/data/stan_analysis_data/main-core-weighted-modes/multinomial-0219/compact-gq-multinomial-0219-1.csv"
220,20260822,1,42.2118382453918,"/project/akaring/takeup-data/data/stan_analysis_data/main-core-bootstrap-input/cluster-weights/multinomial/weights-0220.csv","/project/akaring/takeup-data/data/stan_analysis_data/main-core-weighted-modes/multinomial-0220/mode-multinomial-0220-1.csv","/project/akaring/takeup-data/data/stan_analysis_data/main-core-weighted-modes/multinomial-0220/compact-gq-multinomial-0220-1.csv"
